,,,,,,,,,,,,,,,,,,,,,,,,,,,,,,,,,,,,,,,,,,,,,,,,,,,,,,,,,,,,,,,,,,,,,,,,,,,,,,,,,,,,,,,,,,,,,,,,,,,,,,
,,,,,,,,,,,,,,,,,,,,,,,,,,,,,,,,,,,,,,,,,,,,,,,,,,,,,,,,,,,,,,,,,,,,,,,,,,,,,,,,,,,,,,,,,,,,,,,,,,,,,,
* Demand per subperiod [MW],,,,,,,,,,,,,,,,,,,,,,,,,,,,,,,,,,,,,,,,,,,,,,,,,,,,,,,,,,,,,,,,,,,,,,,,,,,,,,,,,,,,,,,,,,,,,,,* Wind per subperiod [MW],,,,,,,
,,1.sc00,2.sc00,3.sc00,4.sc00,6.sc00,7.sc00,11.sc00,12.sc00,13.sc00,14.sc00,15.sc00,16.sc00,17.sc00,18.sc00,19.sc00,20.sc00,21.sc00,22.sc00,23.sc00,27.sc00,28.sc00,29.sc00,31.sc00,32.sc00,33.sc00,34.sc00,35.sc00,36.sc00,39.sc00,40.sc00,41.sc00,42.sc00,43.sc00,44.sc00,45.sc00,46.sc00,47.sc00,48.sc00,49.sc00,50.sc00,51.sc00,52.sc00,53.sc00,54.sc00,55.sc00,56.sc00,57.sc00,58.sc00,59.sc00,60.sc00,62.sc00,66.sc00,67.sc00,70.sc00,74.sc00,75.sc00,76.sc00,77.sc00,78.sc00,79.sc00,80.sc00,82.sc00,83.sc00,84.sc00,85.sc00,86.sc00,88.sc00,90.sc00,92.sc00,93.sc00,94.sc00,95.sc00,96.sc00,97.sc00,98.sc00,100.sc00,101.sc00,102.sc00,103.sc00,104.sc00,105.sc00,106.sc00,107.sc00,108.sc00,109.sc00,110.sc00,112.sc00,114.sc00,115.sc00,117.sc00,118.sc00,,,,,Wind01.sc01,,Wind02.sc01,,Wind03.sc01,
,sp001,50,20,38,30,51,19,69,46,33,14,89,25,11,59,44,18,14,10,7,61,17,24,42,58,23,58,32,31,25,19,34,34,17,15,49,26,32,19,81,16,16,17,21,105,58,78,11,11,257,72,71,36,26,61,63,44,63,57,66,36,121,50,19,10,22,19,45,72,60,11,28,39,35,14,32,34,20,5,21,35,29,40,26,2,7,36,23,8,22,20,31,,,,sp001,292,,498,,481,
,sp002,50,20,38,29,51,19,69,46,33,14,88,25,11,59,44,18,14,10,7,61,17,24,42,58,23,58,32,30,25,18,34,34,17,15,49,26,31,18,80,16,16,17,21,105,58,78,11,11,256,72,71,36,26,61,63,43,63,56,66,36,120,50,18,10,22,19,44,72,60,11,28,39,35,14,31,34,20,5,21,35,29,40,26,2,7,36,23,8,22,20,31,,,,sp002,292,,498,,481,
,sp003,50,20,38,29,51,19,69,46,33,14,88,24,11,59,44,18,14,10,7,61,17,23,42,58,23,58,32,30,25,18,34,34,17,15,49,26,31,18,80,16,16,17,21,104,58,77,11,11,255,72,71,36,26,61,63,43,63,56,65,36,120,50,18,10,22,19,44,72,60,11,28,39,35,14,31,34,20,5,21,35,29,40,26,2,7,36,23,8,22,20,30,,,,sp003,292,,498,,481,
,sp004,50,20,38,29,51,19,68,46,33,14,88,24,11,59,44,18,14,10,7,60,17,23,42,58,22,58,32,30,25,18,34,34,17,15,49,26,31,18,80,16,16,17,21,104,58,77,11,11,254,72,71,36,26,61,62,43,62,56,65,36,119,50,18,10,22,19,44,72,60,11,28,39,35,14,31,34,20,5,21,35,28,40,26,2,7,36,23,8,21,20,30,,,,sp004,292,,498,,481,
,sp005,50,19,38,29,51,18,68,46,33,14,87,24,11,58,44,17,14,10,7,60,17,23,42,57,22,57,32,30,25,18,34,34,16,15,49,26,31,18,80,16,16,16,21,103,58,77,11,11,254,71,70,36,26,60,62,43,62,56,65,36,119,49,18,10,22,19,44,71,59,11,27,38,35,14,31,34,20,5,21,35,28,39,26,2,7,36,23,8,21,19,30,,,,sp005,292,,498,,481,
,sp006,49,19,38,29,50,18,68,45,33,14,87,24,11,58,44,17,14,10,7,60,16,23,42,57,22,57,32,30,25,18,34,34,16,15,48,26,31,18,79,16,16,16,21,103,57,77,11,11,253,71,70,36,26,60,62,43,62,56,65,36,119,49,18,10,22,19,44,71,59,11,27,38,35,14,31,34,20,5,21,35,28,39,26,2,7,36,23,8,21,19,30,,,,sp006,292,,498,,481,
,sp007,49,19,38,29,50,18,67,45,33,13,87,24,11,58,43,17,13,10,7,60,16,23,41,57,22,57,32,30,25,18,34,34,16,15,48,25,31,18,79,15,15,16,21,103,57,76,11,11,252,71,70,35,25,60,62,43,62,55,64,35,118,49,18,10,22,19,44,71,59,11,27,38,35,14,31,34,20,5,21,35,28,39,25,2,7,35,23,8,21,19,30,,,,sp007,292,,498,,481,
,sp008,49,19,37,29,50,18,67,45,33,13,86,24,11,58,43,17,13,10,7,60,16,23,41,57,22,57,32,30,24,18,33,33,16,14,48,25,31,18,79,15,15,16,21,102,57,76,11,11,250,71,70,35,25,60,61,43,61,55,64,35,118,49,18,10,22,19,43,71,59,11,27,38,34,14,31,33,20,5,21,34,28,39,25,2,7,35,23,8,21,19,30,,,,sp008,292,,498,,481,
,sp009,49,19,37,29,50,18,67,45,32,13,86,24,11,57,43,17,13,10,7,59,16,23,41,56,22,56,32,30,24,18,33,33,16,14,48,25,31,18,78,15,15,16,21,102,57,76,11,11,249,70,69,35,25,59,61,42,61,55,64,35,117,49,18,10,22,19,43,70,59,11,27,38,34,14,31,33,20,5,21,34,28,39,25,2,7,35,23,8,21,19,30,,,,sp009,292,,498,,481,
,sp010,49,19,37,29,49,18,67,45,32,13,86,24,10,57,43,17,13,10,7,59,16,23,41,56,22,56,31,29,24,18,33,33,16,14,48,25,30,18,78,15,15,16,21,101,56,75,11,11,248,70,69,35,25,59,61,42,61,55,64,35,117,48,18,10,22,19,43,70,58,11,27,38,34,13,30,33,20,4,21,34,28,39,25,2,7,35,22,8,21,19,30,,,,sp010,292,,498,,481,
,sp011,48,19,37,28,49,18,66,45,32,13,85,24,10,57,43,17,13,9,7,59,16,23,41,56,22,56,31,29,24,18,33,33,16,14,47,25,30,18,78,15,15,16,21,101,56,75,11,11,247,70,69,35,25,59,61,42,61,54,63,35,116,48,18,10,21,19,43,70,58,11,27,37,34,13,30,33,20,4,21,34,28,38,25,2,7,35,22,8,21,19,29,,,,sp011,292,,498,,481,
,sp012,48,19,37,28,49,18,66,44,32,13,85,24,10,57,42,17,13,9,7,58,16,23,41,56,22,56,31,29,24,18,33,33,16,14,47,25,30,18,77,15,15,16,20,100,56,75,11,11,246,69,68,35,25,59,60,42,60,54,63,35,115,48,18,10,21,19,43,69,58,11,27,37,34,13,30,33,20,4,20,34,28,38,25,2,7,35,22,8,21,19,29,,,,sp012,292,,498,,481,
,sp013,48,19,37,28,49,18,66,44,32,13,84,23,10,56,42,17,13,9,7,58,16,23,40,55,22,55,31,29,24,18,33,33,16,14,47,25,30,18,77,15,15,16,20,100,56,74,11,11,245,69,68,34,25,58,60,42,60,54,63,34,115,48,18,10,21,19,42,69,57,11,27,37,34,13,30,33,19,4,20,34,27,38,25,2,7,34,22,8,21,19,29,,,,sp013,292,,498,,481,
,sp014,48,19,36,28,49,18,65,44,32,13,84,23,10,56,42,17,13,9,7,58,16,22,40,55,21,55,31,29,24,18,33,33,16,14,47,25,30,18,76,15,15,16,20,99,55,74,11,11,243,69,68,34,25,58,60,41,60,54,62,34,114,47,18,10,21,18,42,69,57,11,26,37,33,13,30,33,19,4,20,33,27,38,25,2,7,34,22,7,21,19,29,,,,sp014,292,,498,,482,
,sp015,47,19,36,28,48,18,65,44,32,13,84,23,10,56,42,17,13,9,6,58,16,22,40,55,21,55,31,29,24,17,32,32,16,14,46,24,30,17,76,15,15,16,20,99,55,73,10,10,242,68,67,34,24,58,59,41,59,53,62,34,114,47,17,10,21,18,42,68,57,10,26,37,33,13,30,32,19,4,20,33,27,38,24,2,7,34,22,7,20,19,29,,,,sp015,291,,498,,483,
,sp016,47,18,36,28,48,18,65,43,31,13,83,23,10,55,42,17,13,9,6,57,16,22,40,54,21,54,30,29,23,17,32,32,16,14,46,24,30,17,76,15,15,16,20,98,55,73,10,10,241,68,67,34,24,57,59,41,59,53,62,34,113,47,17,10,21,18,42,68,57,10,26,37,33,13,30,32,19,4,20,33,27,37,24,2,7,34,22,7,20,18,29,,,,sp016,291,,497,,484,
,sp017,47,18,36,28,48,17,64,43,31,13,83,23,10,55,41,17,13,9,6,57,16,22,39,54,21,54,30,28,23,17,32,32,16,14,46,24,29,17,75,15,15,16,20,98,54,73,10,10,239,67,67,34,24,57,59,41,59,53,61,34,112,47,17,10,21,18,41,67,56,10,26,36,33,13,29,32,19,4,20,33,27,37,24,2,7,34,22,7,20,18,29,,,,sp017,290,,497,,486,
,sp018,47,18,36,27,47,17,64,43,31,13,82,23,10,55,41,16,13,9,6,57,16,22,39,54,21,54,30,28,23,17,32,32,15,14,46,24,29,17,75,15,15,15,20,97,54,72,10,10,238,67,66,34,24,57,58,40,58,52,61,34,112,46,17,9,21,18,41,67,56,10,26,36,33,13,29,32,19,4,20,33,27,37,24,2,7,34,21,7,20,18,28,,,,sp018,289,,497,,487,
,sp019,46,18,35,27,47,17,63,43,31,13,82,23,10,54,41,16,13,9,6,56,15,22,39,53,21,53,30,28,23,17,32,32,15,14,45,24,29,17,74,15,15,15,20,96,54,72,10,10,236,67,66,33,24,56,58,40,58,52,61,33,111,46,17,9,20,18,41,67,55,10,26,36,32,13,29,32,19,4,20,32,26,37,24,2,7,33,21,7,20,18,28,,,,sp019,288,,496,,489,
,sp020,46,18,35,27,47,17,63,42,31,13,81,22,10,54,40,16,13,9,6,56,15,22,39,53,21,53,30,28,23,17,31,31,15,14,45,24,29,17,74,14,14,15,19,96,53,71,10,10,235,66,65,33,24,56,58,40,58,52,60,33,110,46,17,9,20,18,41,66,55,10,25,36,32,13,29,31,19,4,19,32,26,36,24,2,7,33,21,7,20,18,28,,,,sp020,287,,495,,490,
,sp021,46,18,35,27,46,17,63,42,30,13,80,22,10,54,40,16,13,9,6,55,15,21,38,53,21,53,29,28,23,17,31,31,15,13,45,24,29,17,73,14,14,15,19,95,53,71,10,10,233,66,65,33,24,56,57,40,57,51,60,33,109,45,17,9,20,18,40,66,55,10,25,35,32,13,29,31,19,4,19,32,26,36,24,2,7,33,21,7,20,18,28,,,,sp021,286,,495,,492,
,sp022,45,18,35,27,46,17,62,42,30,12,80,22,10,53,40,16,12,9,6,55,15,21,38,52,20,52,29,27,23,17,31,31,15,13,44,23,28,17,73,14,14,15,19,94,53,70,10,10,231,65,64,33,23,55,57,39,57,51,59,33,109,45,17,9,20,18,40,65,54,10,25,35,32,13,28,31,18,4,19,32,26,36,23,2,7,33,21,7,19,18,28,,,,sp022,284,,494,,493,
,sp023,45,18,34,26,46,17,62,41,30,12,79,22,10,53,40,16,12,9,6,54,15,21,38,52,20,52,29,27,22,17,31,31,15,13,44,23,28,17,72,14,14,15,19,94,52,70,10,10,229,65,64,32,23,55,56,39,56,51,59,32,108,45,17,9,20,17,40,65,54,10,25,35,31,12,28,31,18,4,19,31,26,36,23,2,7,32,21,7,19,18,27,,,,sp023,283,,493,,494,
,sp024,44,17,34,26,45,17,61,41,30,12,78,22,10,52,39,16,12,9,6,54,15,21,37,51,20,51,29,27,22,16,30,30,15,13,43,23,28,16,71,14,14,15,19,93,52,69,10,10,227,64,63,32,23,54,56,39,56,50,58,32,107,44,16,9,20,17,39,64,53,10,25,34,31,12,28,30,18,4,19,31,25,35,23,2,7,32,21,7,19,17,27,,,,sp024,282,,493,,494,
,sp025,44,17,34,26,45,16,60,41,29,12,78,22,9,52,39,16,12,9,6,54,15,21,37,51,20,51,28,27,22,16,30,30,15,13,43,23,28,16,71,14,14,15,19,92,51,68,10,10,225,63,63,32,23,54,55,38,55,50,58,32,106,44,16,9,20,17,39,63,53,10,24,34,31,12,28,30,18,4,19,31,25,35,23,2,7,32,20,7,19,17,27,,,,sp025,281,,492,,494,
,sp026,44,17,33,26,44,16,60,40,29,12,77,21,9,51,38,15,12,9,6,53,15,21,37,50,20,50,28,26,22,16,30,30,14,13,43,23,27,16,70,14,14,14,19,91,51,68,10,10,223,63,62,31,23,53,55,38,55,49,57,31,105,43,16,9,19,17,39,63,52,10,24,34,31,12,27,30,18,4,19,31,25,35,23,2,6,31,20,7,19,17,27,,,,sp026,279,,491,,494,
,sp027,43,17,33,25,44,16,59,40,29,12,76,21,9,51,38,15,12,8,6,52,14,20,36,50,19,50,28,26,21,16,29,29,14,13,42,22,27,16,69,14,14,14,18,90,50,67,10,10,220,62,61,31,22,53,54,37,54,49,57,31,103,43,16,9,19,17,38,62,52,10,24,33,30,12,27,29,18,4,18,30,25,34,22,2,6,31,20,7,19,17,26,,,,sp027,278,,489,,494,
,sp028,43,17,33,25,43,16,58,39,28,12,75,21,9,50,38,15,12,8,6,52,14,20,36,49,19,49,28,26,21,16,29,29,14,13,42,22,27,16,68,13,13,14,18,89,50,66,9,9,218,61,61,31,22,52,53,37,53,48,56,31,102,42,16,9,19,17,38,61,51,9,24,33,30,12,27,29,17,4,18,30,24,34,22,2,6,31,20,7,18,17,26,,,,sp028,276,,488,,494,
,sp029,42,16,32,25,43,16,58,39,28,12,74,21,9,49,37,15,12,8,6,51,14,20,35,49,19,49,27,26,21,16,29,29,14,12,41,22,26,16,68,13,13,14,18,88,49,65,9,9,215,61,60,30,22,51,53,36,53,47,55,30,101,42,16,9,19,16,37,61,50,9,23,33,30,12,26,29,17,4,18,30,24,33,22,2,6,30,19,7,18,16,26,,,,sp029,274,,486,,494,
,sp030,41,16,32,24,42,15,57,38,28,11,73,20,9,49,37,15,11,8,6,50,14,20,35,48,19,48,27,25,21,15,28,28,14,12,41,21,26,15,67,13,13,14,18,87,48,64,9,9,212,60,59,30,21,51,52,36,52,47,54,30,100,41,15,8,18,16,37,60,50,9,23,32,29,11,26,28,17,4,18,29,24,33,21,2,6,30,19,7,18,16,25,,,,sp030,272,,484,,494,
,sp031,41,16,31,24,42,15,56,38,27,11,72,20,9,48,36,14,11,8,6,50,14,19,34,47,18,47,26,25,20,15,28,28,14,12,40,21,26,15,66,13,13,14,17,85,48,63,9,9,209,59,58,29,21,50,51,35,51,46,54,29,98,41,15,8,18,16,36,59,49,9,23,32,29,11,26,28,17,4,17,29,23,32,21,2,6,29,19,6,18,16,25,,,,sp031,270,,482,,494,
,sp032,40,16,31,24,41,15,55,37,27,11,71,20,9,47,35,14,11,8,6,49,13,19,34,46,18,46,26,24,20,15,27,27,13,12,39,21,25,15,65,13,13,13,17,84,47,62,9,9,206,58,57,29,21,49,50,35,50,45,53,29,96,40,15,8,18,16,36,58,48,9,22,31,28,11,25,27,16,4,17,28,23,32,21,1,6,29,19,6,17,16,24,,,,sp032,268,,480,,494,
,sp033,39,15,30,23,40,15,54,36,26,11,70,19,9,46,35,14,11,8,5,48,13,19,33,46,18,46,26,24,20,15,27,27,13,12,39,20,25,15,63,12,12,13,17,82,46,61,9,9,202,57,56,28,20,48,50,34,50,44,52,28,95,39,15,8,18,15,35,57,47,9,22,31,28,11,25,27,16,4,17,28,23,31,20,1,6,28,18,6,17,15,24,,,,sp033,266,,478,,494,
,sp034,39,15,30,23,40,14,53,36,26,11,68,19,8,46,34,14,11,8,5,47,13,18,33,45,17,45,25,24,19,14,26,26,13,11,38,20,24,14,62,12,12,13,16,81,45,60,9,9,198,56,55,28,20,47,49,34,49,44,51,28,93,39,14,8,17,15,34,56,47,9,21,30,27,11,24,26,16,4,16,27,22,31,20,1,6,28,18,6,17,15,24,,,,sp034,264,,476,,494,
,sp035,38,15,29,22,39,14,52,35,25,10,67,19,8,45,34,13,10,7,5,46,13,18,32,44,17,44,25,23,19,14,26,26,13,11,37,20,24,14,61,12,12,13,16,79,44,59,8,8,194,55,54,27,20,46,48,33,48,43,50,27,91,38,14,8,17,15,34,55,46,8,21,29,27,11,24,26,15,4,16,27,22,30,20,1,6,27,18,6,16,15,23,,,,sp035,262,,475,,494,
,sp036,37,15,28,22,38,14,51,34,25,10,66,18,8,44,33,13,10,7,5,45,12,17,31,43,17,43,24,23,19,14,25,25,12,11,36,19,23,14,60,12,12,12,16,78,43,58,8,8,190,54,53,27,19,45,47,32,47,42,49,27,89,37,14,8,16,14,33,54,45,8,21,29,26,10,23,25,15,3,16,26,21,30,19,1,5,27,17,6,16,15,23,,,,sp036,260,,473,,494,
,sp037,36,14,28,21,37,13,50,33,24,10,64,18,8,43,32,13,10,7,5,44,12,17,30,42,16,42,23,22,18,13,25,25,12,11,35,19,23,13,58,11,11,12,15,75,42,56,8,8,185,52,51,26,19,44,45,31,45,41,47,26,87,36,13,7,16,14,32,52,43,8,20,28,25,10,23,25,15,3,15,25,21,29,19,1,5,26,17,6,16,14,22,,,,sp037,258,,471,,494,
,sp038,35,14,27,20,35,13,48,32,23,10,61,17,8,41,31,12,10,7,5,42,12,16,29,40,16,40,23,21,17,13,24,24,12,10,34,18,22,13,56,11,11,12,15,73,40,54,8,8,178,50,49,25,18,42,44,30,44,39,46,25,84,35,13,7,15,13,31,50,42,8,19,27,24,10,22,24,14,3,15,24,20,28,18,1,5,25,16,5,15,14,21,,,,sp038,256,,470,,494,
,sp039,33,13,25,20,34,12,46,31,22,9,59,16,7,39,29,12,9,7,5,40,11,16,28,38,15,38,21,20,17,12,23,23,11,10,32,17,21,12,53,10,10,11,14,69,39,52,7,7,170,48,47,24,17,40,42,29,42,37,44,24,80,33,12,7,15,13,29,48,40,7,18,26,23,9,21,23,13,3,14,23,19,26,17,1,5,24,15,5,14,13,20,,,,sp039,254,,469,,493,
,sp040,31,12,24,18,32,12,43,29,21,9,55,15,7,37,28,11,9,6,4,38,10,15,27,36,14,36,20,19,16,12,21,21,10,9,31,16,20,12,51,10,10,10,13,66,37,49,7,7,161,45,45,23,16,38,39,27,39,35,41,23,75,31,12,6,14,12,28,45,38,7,17,24,22,9,20,21,13,3,13,22,18,25,16,1,5,23,15,5,14,12,19,,,,sp040,252,,467,,492,
,sp041,30,12,23,17,30,11,41,27,20,8,52,15,6,35,26,10,8,6,4,36,10,14,25,34,13,34,19,18,15,11,20,20,10,9,29,15,19,11,48,9,9,10,13,62,34,46,7,7,151,43,42,21,15,36,37,26,37,33,39,21,71,30,11,6,13,11,26,43,36,7,16,23,21,8,19,20,12,3,13,21,17,24,15,1,4,21,14,5,13,12,18,,,,sp041,250,,466,,491,
,sp042,28,11,21,16,28,10,38,26,18,8,49,14,6,33,24,10,8,5,4,34,9,13,23,32,13,32,18,17,14,10,19,19,9,8,27,14,17,10,45,9,9,9,12,58,32,43,6,6,142,40,39,20,14,34,35,24,35,31,36,20,67,28,10,6,12,11,25,40,33,6,15,22,19,8,17,19,11,3,12,19,16,22,14,1,4,20,13,4,12,11,17,,,,sp042,248,,465,,490,
,sp043,26,10,20,15,26,10,36,24,17,7,46,13,6,31,23,9,7,5,4,32,9,12,22,30,12,30,17,16,13,10,18,18,9,8,25,13,16,10,42,8,8,9,11,54,30,40,6,6,133,37,37,19,13,32,33,23,33,29,34,19,62,26,10,5,12,10,23,37,31,6,14,20,18,7,16,18,11,2,11,18,15,21,13,1,4,19,12,4,11,10,16,,,,sp043,246,,463,,489,
,sp044,24,10,19,14,25,9,33,22,16,7,43,12,5,29,21,9,7,5,3,30,8,11,20,28,11,28,16,15,12,9,17,17,8,7,24,13,15,9,39,8,8,8,10,51,28,38,5,5,124,35,35,18,13,30,31,21,31,27,32,18,58,24,9,5,11,9,22,35,29,5,13,19,17,7,15,17,10,2,10,17,14,19,13,1,4,18,11,4,10,10,15,,,,sp044,244,,462,,488,
,sp045,23,9,18,13,23,9,31,21,15,6,40,11,5,27,20,8,6,4,3,28,8,11,19,26,10,26,15,14,11,8,16,16,8,7,22,12,14,8,37,7,7,8,10,48,27,36,5,5,117,33,33,16,12,28,29,20,29,26,30,16,55,23,8,5,10,9,20,33,27,5,13,18,16,6,14,16,9,2,10,16,13,18,12,1,3,16,11,4,10,9,14,,,,sp045,242,,460,,486,
,sp046,22,9,17,13,22,8,30,20,15,6,38,11,5,26,19,8,6,4,3,26,7,10,18,25,10,25,14,13,11,8,15,15,7,6,21,11,14,8,35,7,7,7,9,45,25,34,5,5,112,31,31,16,11,27,27,19,27,25,29,16,52,22,8,4,10,8,19,31,26,5,12,17,15,6,14,15,9,2,9,15,12,17,11,1,3,16,10,3,9,9,13,,,,sp046,241,,459,,485,
,sp047,21,8,16,12,21,8,29,19,14,6,37,10,5,25,19,7,6,4,3,26,7,10,18,24,10,24,14,13,11,8,14,14,7,6,21,11,13,8,34,7,7,7,9,44,25,33,5,5,108,30,30,15,11,26,26,18,26,24,28,15,51,21,8,4,9,8,19,30,25,5,12,16,15,6,13,14,9,2,9,15,12,17,11,1,3,15,10,3,9,8,13,,,,sp047,239,,457,,484,
,sp048,21,8,16,12,21,8,29,19,14,6,37,10,4,24,18,7,6,4,3,25,7,10,18,24,9,24,13,13,10,8,14,14,7,6,20,11,13,8,33,7,7,7,9,43,24,32,5,5,107,30,30,15,11,25,26,18,26,23,27,15,50,21,8,4,9,8,18,30,25,5,12,16,15,6,13,14,8,2,9,15,12,17,11,1,3,15,10,3,9,8,13,,,,sp048,238,,455,,483,
,sp049,21,8,16,12,21,8,29,19,14,6,37,10,4,25,18,7,6,4,3,25,7,10,18,24,9,24,13,13,10,8,14,14,7,6,20,11,13,8,33,7,7,7,9,43,24,32,5,5,107,30,30,15,11,25,26,18,26,23,27,15,50,21,8,4,9,8,18,30,25,5,12,16,15,6,13,14,8,2,9,15,12,17,11,1,3,15,10,3,9,8,13,,,,sp049,238,,454,,482,
,sp050,21,8,16,12,21,8,29,19,14,6,37,10,5,25,18,7,6,4,3,25,7,10,18,24,9,24,14,13,10,8,14,14,7,6,20,11,13,8,34,7,7,7,9,44,24,32,5,5,107,30,30,15,11,25,26,18,26,24,27,15,50,21,8,4,9,8,19,30,25,5,12,16,15,6,13,14,8,2,9,15,12,17,11,1,3,15,10,3,9,8,13,,,,sp050,237,,452,,481,
,sp051,21,8,16,12,21,8,29,19,14,6,37,10,5,25,18,7,6,4,3,25,7,10,18,24,9,24,14,13,10,8,14,14,7,6,21,11,13,8,34,7,7,7,9,44,24,33,5,5,107,30,30,15,11,26,26,18,26,24,27,15,50,21,8,4,9,8,19,30,25,5,12,16,15,6,13,14,9,2,9,15,12,17,11,1,3,15,10,3,9,8,13,,,,sp051,236,,450,,480,
,sp052,21,8,16,12,21,8,29,19,14,6,37,10,5,25,19,7,6,4,3,26,7,10,18,24,10,24,14,13,11,8,14,14,7,6,21,11,13,8,34,7,7,7,9,44,25,33,5,5,108,30,30,15,11,26,26,18,26,24,28,15,51,21,8,4,9,8,19,30,25,5,12,16,15,6,13,14,9,2,9,15,12,17,11,1,3,15,10,3,9,8,13,,,,sp052,236,,448,,479,
,sp053,21,8,16,12,22,8,29,20,14,6,37,10,5,25,19,7,6,4,3,26,7,10,18,25,10,25,14,13,11,8,14,14,7,6,21,11,13,8,34,7,7,7,9,44,25,33,5,5,109,31,30,15,11,26,27,18,27,24,28,15,51,21,8,4,9,8,19,31,25,5,12,16,15,6,13,14,9,2,9,15,12,17,11,1,3,15,10,3,9,8,13,,,,sp053,235,,446,,479,
,sp054,21,8,16,13,22,8,29,20,14,6,38,10,5,25,19,8,6,4,3,26,7,10,18,25,10,25,14,13,11,8,15,15,7,6,21,11,13,8,34,7,7,7,9,45,25,33,5,5,109,31,30,15,11,26,27,19,27,24,28,15,51,21,8,4,9,8,19,31,26,5,12,17,15,6,13,15,9,2,9,15,12,17,11,1,3,15,10,3,9,8,13,,,,sp054,235,,444,,478,
,sp055,22,8,16,13,22,8,30,20,14,6,38,11,5,25,19,8,6,4,3,26,7,10,18,25,10,25,14,13,11,8,15,15,7,6,21,11,14,8,35,7,7,7,9,45,25,33,5,5,110,31,31,16,11,26,27,19,27,24,28,16,52,22,8,4,10,8,19,31,26,5,12,17,15,6,14,15,9,2,9,15,12,17,11,1,3,16,10,3,9,8,13,,,,sp055,234,,441,,477,
,sp056,22,9,17,13,22,8,30,20,15,6,38,11,5,26,19,8,6,4,3,26,7,10,18,25,10,25,14,13,11,8,15,15,7,6,21,11,14,8,35,7,7,7,9,45,25,34,5,5,111,31,31,16,11,27,27,19,27,25,29,16,52,22,8,4,10,8,19,31,26,5,12,17,15,6,14,15,9,2,9,15,12,17,11,1,3,16,10,3,9,9,13,,,,sp056,234,,439,,476,
,sp057,22,9,17,13,22,8,30,20,15,6,39,11,5,26,19,8,6,4,3,27,7,10,19,25,10,25,14,13,11,8,15,15,7,6,22,11,14,8,35,7,7,7,9,46,26,34,5,5,113,32,31,16,11,27,28,19,28,25,29,16,53,22,8,4,10,9,19,32,26,5,12,17,15,6,14,15,9,2,9,15,13,17,11,1,3,16,10,3,9,9,13,,,,sp057,234,,436,,475,
,sp058,22,9,17,13,23,8,31,20,15,6,39,11,5,26,20,8,6,4,3,27,7,10,19,26,10,26,14,14,11,8,15,15,7,7,22,12,14,8,36,7,7,7,9,46,26,35,5,5,114,32,32,16,12,27,28,19,28,25,29,16,53,22,8,5,10,9,20,32,27,5,12,17,16,6,14,15,9,2,9,16,13,18,12,1,3,16,10,3,10,9,14,,,,sp058,233,,434,,474,
,sp059,22,9,17,13,23,8,31,21,15,6,40,11,5,26,20,8,6,4,3,27,8,11,19,26,10,26,15,14,11,8,15,15,7,7,22,12,14,8,36,7,7,7,10,47,26,35,5,5,115,32,32,16,12,27,28,20,28,25,30,16,54,22,8,5,10,9,20,32,27,5,12,17,16,6,14,15,9,2,10,16,13,18,12,1,3,16,10,4,10,9,14,,,,sp059,233,,431,,473,
,sp060,23,9,17,13,23,8,31,21,15,6,40,11,5,27,20,8,6,4,3,28,8,11,19,26,10,26,15,14,11,8,16,16,8,7,22,12,14,8,37,7,7,8,10,48,26,35,5,5,116,33,32,16,12,28,29,20,29,26,30,16,55,23,8,5,10,9,20,33,27,5,13,18,16,6,14,16,9,2,10,16,13,18,12,1,3,16,11,4,10,9,14,,,,sp060,232,,427,,473,
,sp061,23,9,18,14,24,9,32,21,15,6,41,11,5,27,20,8,6,5,3,28,8,11,20,27,10,27,15,14,12,9,16,16,8,7,23,12,15,9,37,7,7,8,10,48,27,36,5,5,118,33,33,17,12,28,29,20,29,26,30,17,56,23,9,5,10,9,21,33,28,5,13,18,16,6,15,16,9,2,10,16,13,18,12,1,3,17,11,4,10,9,14,,,,sp061,231,,424,,472,
,sp062,24,9,18,14,24,9,33,22,16,7,42,12,5,28,21,8,7,5,3,29,8,11,20,27,11,27,15,14,12,9,16,16,8,7,23,12,15,9,38,7,7,8,10,50,28,37,5,5,122,34,34,17,12,29,30,21,30,27,31,17,57,24,9,5,11,9,21,34,29,5,13,18,17,7,15,16,10,2,10,17,14,19,12,1,4,17,11,4,10,9,14,,,,sp062,231,,419,,471,
,sp063,25,10,19,14,25,9,34,23,16,7,43,12,5,29,22,9,7,5,3,30,8,12,21,28,11,28,16,15,12,9,17,17,8,7,24,13,15,9,39,8,8,8,10,51,29,38,5,5,125,35,35,18,13,30,31,21,31,28,32,18,59,24,9,5,11,10,22,35,29,5,14,19,17,7,15,17,10,2,10,17,14,19,13,1,4,18,11,4,11,10,15,,,,sp063,230,,414,,471,
,sp064,25,10,19,15,26,9,35,23,17,7,45,12,5,30,22,9,7,5,3,31,8,12,21,29,11,29,16,15,13,9,17,17,8,8,25,13,16,9,41,8,8,8,11,53,30,39,6,6,130,37,36,18,13,31,32,22,32,29,33,18,61,25,9,5,11,10,23,37,31,6,14,20,18,7,16,17,10,2,11,18,15,20,13,1,4,18,12,4,11,10,16,,,,sp064,229,,408,,470,
,sp065,26,10,20,16,27,10,36,24,18,7,47,13,6,31,23,9,7,5,4,32,9,12,22,31,12,31,17,16,13,10,18,18,9,8,26,14,17,10,43,8,8,9,11,55,31,41,6,6,135,38,38,19,14,32,33,23,33,30,35,19,64,26,10,5,12,10,23,38,32,6,15,21,19,7,17,18,11,2,11,19,15,21,14,1,4,19,12,4,11,10,16,,,,sp065,228,,402,,470,
,sp066,28,11,21,16,28,10,38,25,18,8,49,14,6,32,24,10,8,5,4,34,9,13,23,32,12,32,18,17,14,10,19,19,9,8,27,14,17,10,44,9,9,9,12,58,32,43,6,6,141,40,39,20,14,34,35,24,35,31,36,20,66,28,10,6,12,11,24,40,33,6,15,21,19,8,17,19,11,3,12,19,16,22,14,1,4,20,13,4,12,11,17,,,,sp066,227,,395,,469,
,sp067,29,11,22,17,29,11,40,27,19,8,51,14,6,34,25,10,8,6,4,35,10,14,24,33,13,33,19,18,14,11,20,20,10,9,28,15,18,11,46,9,9,10,12,60,34,45,6,6,147,41,41,21,15,35,36,25,36,32,38,21,69,29,11,6,13,11,26,41,35,6,16,22,20,8,18,20,12,3,12,20,16,23,15,1,4,21,13,5,12,11,18,,,,sp067,226,,388,,469,
,sp068,30,12,23,18,31,11,41,28,20,8,53,15,6,35,26,11,8,6,4,37,10,14,25,35,14,35,19,18,15,11,21,21,10,9,29,16,19,11,48,9,9,10,13,63,35,47,7,7,154,43,43,22,16,37,38,26,38,34,39,22,72,30,11,6,13,12,27,43,36,7,17,23,21,8,19,21,12,3,13,21,17,24,16,1,4,22,14,5,13,12,18,,,,sp068,225,,381,,468,
,sp069,31,12,24,18,32,12,43,29,21,9,55,15,7,37,28,11,9,6,4,38,10,15,26,36,14,36,20,19,16,12,21,21,10,9,31,16,20,12,50,10,10,10,13,65,36,49,7,7,160,45,44,23,16,38,39,27,39,35,41,23,75,31,12,6,14,12,28,45,38,7,17,24,22,9,20,21,13,3,13,22,18,25,16,1,5,23,14,5,13,12,19,,,,sp069,224,,374,,468,
,sp070,32,13,25,19,33,12,45,30,22,9,57,16,7,38,29,11,9,6,4,39,11,15,27,38,15,38,21,20,16,12,22,22,11,10,32,17,20,12,52,10,10,11,14,68,38,50,7,7,166,47,46,23,17,40,41,28,41,37,43,23,78,32,12,7,14,13,29,47,39,7,18,25,23,9,20,22,13,3,14,23,19,26,17,1,5,23,15,5,14,13,20,,,,sp070,223,,367,,467,
,sp071,34,13,26,20,34,13,46,31,22,9,59,16,7,40,30,12,9,7,5,41,11,16,28,39,15,39,22,20,17,12,23,23,11,10,33,17,21,12,54,11,11,11,14,70,39,52,7,7,172,48,48,24,17,41,42,29,42,38,44,24,81,34,12,7,15,13,30,48,40,7,19,26,24,9,21,23,14,3,14,24,19,27,17,1,5,24,16,5,15,13,21,,,,sp071,222,,360,,466,
,sp072,35,14,27,20,35,13,48,32,23,10,61,17,7,41,31,12,10,7,5,42,12,16,29,40,16,40,22,21,17,13,24,24,12,10,34,18,22,13,56,11,11,12,15,72,40,54,8,8,178,50,49,25,18,42,44,30,44,39,46,25,83,35,13,7,15,13,31,50,42,8,19,27,24,10,22,24,14,3,15,24,20,28,18,1,5,25,16,5,15,14,21,,,,sp072,221,,354,,465,
,sp073,36,14,27,21,37,13,49,33,24,10,63,18,8,42,32,13,10,7,5,44,12,17,30,41,16,41,23,22,18,13,24,24,12,11,35,19,22,13,58,11,11,12,15,75,42,56,8,8,183,52,51,26,19,44,45,31,45,40,47,26,86,36,13,7,16,14,32,52,43,8,20,28,25,10,22,24,15,3,15,25,21,28,19,1,5,26,17,6,15,14,22,,,,sp073,219,,348,,464,
,sp074,37,14,28,22,38,14,51,34,25,10,65,18,8,43,33,13,10,7,5,45,12,17,31,43,17,43,24,22,18,14,25,25,12,11,36,19,23,14,59,12,12,12,16,77,43,57,8,8,189,53,53,27,19,45,46,32,46,42,48,27,89,37,14,8,16,14,33,53,44,8,20,29,26,10,23,25,15,3,16,26,21,29,19,1,5,27,17,6,16,14,23,,,,sp074,217,,341,,462,
,sp075,38,15,29,22,39,14,52,35,25,10,67,19,8,45,34,13,10,7,5,46,13,18,32,44,17,44,25,23,19,14,26,26,13,11,37,20,24,14,61,12,12,13,16,80,44,59,8,8,195,55,54,27,20,46,48,33,48,43,50,27,92,38,14,8,17,15,34,55,46,8,21,30,27,11,24,26,15,4,16,27,22,30,20,1,6,27,18,6,16,15,23,,,,sp075,214,,335,,459,
,sp076,39,15,30,23,40,15,54,36,26,11,69,19,8,46,35,14,11,8,5,48,13,18,33,45,18,45,25,24,20,15,27,27,13,12,38,20,25,15,63,12,12,13,17,82,46,61,9,9,201,57,56,28,20,48,49,34,49,44,52,28,94,39,15,8,17,15,35,57,47,9,22,30,28,11,25,27,16,4,17,28,23,31,20,1,6,28,18,6,17,15,24,,,,sp076,211,,329,,456,
,sp077,40,16,31,24,41,15,56,37,27,11,71,20,9,48,36,14,11,8,6,49,14,19,34,47,18,47,26,25,20,15,28,28,13,12,40,21,25,15,65,13,13,13,17,85,47,63,9,9,207,58,58,29,21,49,51,35,51,46,53,29,97,40,15,8,18,16,36,58,49,9,22,31,28,11,25,28,16,4,17,28,23,32,21,1,6,29,19,6,17,16,25,,,,sp077,208,,322,,453,
,sp078,42,16,32,25,43,16,57,38,28,11,74,20,9,49,37,15,11,8,6,51,14,20,35,48,19,48,27,25,21,15,28,28,14,12,41,22,26,15,67,13,13,14,18,87,49,65,9,9,213,60,59,30,22,51,52,36,52,47,55,30,100,42,15,8,18,16,37,60,50,9,23,32,29,12,26,28,17,4,18,29,24,33,22,2,6,30,19,7,18,16,25,,,,sp078,205,,316,,449,
,sp079,43,17,33,25,44,16,59,40,29,12,76,21,9,50,38,15,12,8,6,52,14,20,36,50,19,50,28,26,21,16,29,29,14,13,42,22,27,16,69,13,13,14,18,89,50,67,10,10,219,62,61,31,22,52,54,37,54,48,56,31,103,43,16,9,19,17,38,62,51,10,24,33,30,12,27,29,17,4,18,30,25,34,22,2,6,31,20,7,18,17,26,,,,sp079,202,,309,,446,
,sp080,44,17,34,26,45,16,60,41,29,12,78,22,9,52,39,16,12,9,6,53,15,21,37,51,20,51,28,27,22,16,30,30,15,13,43,23,28,16,71,14,14,15,19,92,51,68,10,10,225,63,63,32,23,54,55,38,55,50,58,32,106,44,16,9,20,17,39,63,53,10,24,34,31,12,28,30,18,4,19,31,25,35,23,2,7,32,20,7,19,17,27,,,,sp080,199,,303,,441,
,sp081,45,18,34,27,46,17,62,42,30,12,80,22,10,53,40,16,12,9,6,55,15,21,38,52,20,52,29,27,22,17,31,31,15,13,44,23,28,17,72,14,14,15,19,94,52,70,10,10,231,65,64,32,23,55,57,39,57,51,59,32,108,45,17,9,20,17,40,65,54,10,25,35,32,12,28,31,18,4,19,32,26,36,23,2,7,32,21,7,19,18,27,,,,sp081,195,,296,,437,
,sp082,46,18,35,27,47,17,63,42,31,13,81,23,10,54,41,16,13,9,6,56,15,22,39,53,21,53,30,28,23,17,32,32,15,14,45,24,29,17,74,14,14,15,20,96,54,72,10,10,236,66,66,33,24,56,58,40,58,52,60,33,111,46,17,9,20,18,41,66,55,10,26,36,32,13,29,32,19,4,20,32,26,37,24,2,7,33,21,7,20,18,28,,,,sp082,193,,290,,433,
,sp083,47,18,36,28,48,18,65,43,31,13,83,23,10,55,42,17,13,9,6,57,16,22,40,54,21,54,30,29,23,17,32,32,16,14,46,24,30,17,76,15,15,16,20,98,55,73,10,10,241,68,67,34,24,57,59,41,59,53,62,34,113,47,17,10,21,18,42,68,56,10,26,37,33,13,30,32,19,4,20,33,27,37,24,2,7,34,22,7,20,18,29,,,,sp083,190,,283,,428,
,sp084,48,19,37,28,49,18,66,44,32,13,85,23,10,56,42,17,13,9,7,58,16,23,40,55,22,55,31,29,24,18,33,33,16,14,47,25,30,18,77,15,15,16,20,100,56,74,11,11,245,69,68,35,25,58,60,42,60,54,63,35,115,48,18,10,21,19,42,69,58,11,27,37,34,13,30,33,19,4,20,34,27,38,25,2,7,35,22,8,21,19,29,,,,sp084,188,,277,,424,
,sp085,49,19,37,29,50,18,67,45,32,13,86,24,11,57,43,17,13,10,7,59,16,23,41,56,22,56,31,30,24,18,33,33,16,14,48,25,31,18,78,15,15,16,21,102,57,76,11,11,249,70,69,35,25,59,61,42,61,55,64,35,117,49,18,10,22,19,43,70,58,11,27,38,34,13,31,33,20,4,21,34,28,39,25,2,7,35,22,8,21,19,30,,,,sp085,186,,271,,419,
,sp086,49,19,38,29,50,18,68,46,33,14,87,24,11,58,44,17,14,10,7,60,16,23,42,57,22,57,32,30,25,18,34,34,16,15,48,26,31,18,79,16,16,16,21,103,58,77,11,11,253,71,70,36,26,60,62,43,62,56,65,36,119,49,18,10,22,19,44,71,59,11,27,38,35,14,31,34,20,5,21,35,28,39,26,2,7,36,23,8,21,19,30,,,,sp086,184,,265,,414,
,sp087,50,20,38,30,51,19,69,46,33,14,89,25,11,59,44,18,14,10,7,61,17,24,42,58,23,58,32,30,25,19,34,34,17,15,49,26,32,19,81,16,16,17,21,105,58,78,11,11,257,72,71,36,26,61,63,44,63,57,66,36,120,50,19,10,22,19,44,72,60,11,28,39,35,14,32,34,20,5,21,35,29,40,26,2,7,36,23,8,22,20,31,,,,sp087,182,,258,,408,
,sp088,51,20,39,30,52,19,70,47,34,14,90,25,11,60,45,18,14,10,7,62,17,24,43,59,23,59,33,31,25,19,35,35,17,15,50,26,32,19,82,16,16,17,22,106,59,79,11,11,260,73,72,37,26,62,64,44,64,57,67,37,122,51,19,10,23,20,45,73,61,11,28,39,36,14,32,35,21,5,22,36,29,40,26,2,8,37,23,8,22,20,31,,,,sp088,180,,252,,402,
,sp089,52,20,39,30,53,19,71,48,34,14,91,25,11,61,45,18,14,10,7,63,17,24,43,60,23,60,33,31,26,19,35,35,17,15,50,27,32,19,83,16,16,17,22,108,60,80,11,11,264,74,73,37,27,63,65,45,65,58,68,37,124,51,19,10,23,20,46,74,62,11,29,40,36,14,32,35,21,5,22,36,30,41,27,2,8,37,24,8,22,20,31,,,,sp089,179,,246,,396,
,sp090,52,20,40,31,53,19,72,48,35,14,92,26,11,61,46,18,14,10,7,63,17,25,44,60,24,60,34,32,26,19,36,36,17,15,51,27,33,19,84,16,16,17,22,109,61,81,12,12,267,75,74,38,27,64,66,45,66,59,68,38,125,52,19,11,23,20,46,75,63,12,29,40,37,14,33,36,21,5,22,37,30,41,27,2,8,38,24,8,23,20,32,,,,sp090,177,,240,,390,
,sp091,53,21,40,31,54,20,72,49,35,14,93,26,11,62,47,19,14,10,7,64,18,25,45,61,24,61,34,32,26,20,36,36,18,16,52,27,33,20,85,17,17,18,22,110,61,82,12,12,270,76,75,38,27,64,66,46,66,59,69,38,127,53,20,11,23,20,47,76,63,12,29,41,37,15,33,36,21,5,22,37,30,42,27,2,8,38,24,8,23,21,32,,,,sp091,175,,233,,383,
,sp092,53,21,41,31,54,20,73,49,36,15,94,26,12,63,47,19,15,10,7,65,18,25,45,62,24,62,35,32,27,20,36,36,18,16,52,28,34,20,86,17,17,18,23,111,62,83,12,12,273,77,76,38,28,65,67,46,67,60,70,38,128,53,20,11,24,21,47,77,64,12,30,41,37,15,34,36,22,5,23,37,31,42,28,2,8,38,25,8,23,21,33,,,,sp092,174,,227,,377,
,sp093,54,21,41,32,55,20,74,50,36,15,95,26,12,63,48,19,15,11,7,66,18,25,45,62,24,62,35,33,27,20,37,37,18,16,53,28,34,20,87,17,17,18,23,113,63,84,12,12,276,78,77,39,28,66,68,47,68,61,71,39,129,54,20,11,24,21,48,78,65,12,30,42,38,15,34,37,22,5,23,38,31,43,28,2,8,39,25,8,23,21,33,,,,sp093,173,,222,,370,
,sp094,54,21,42,32,56,20,75,50,36,15,96,27,12,64,48,19,15,11,7,66,18,26,46,63,25,63,35,33,27,20,37,37,18,16,53,28,34,20,87,17,17,18,23,114,63,84,12,12,279,78,77,39,28,66,68,47,68,61,71,39,131,54,20,11,24,21,48,78,65,12,30,42,38,15,34,37,22,5,23,38,31,43,28,2,8,39,25,9,23,21,33,,,,sp094,172,,216,,364,
,sp095,55,22,42,32,56,20,75,51,37,15,97,27,12,65,48,19,15,11,8,67,18,26,46,64,25,64,36,33,27,20,38,38,18,16,54,28,34,20,88,17,17,18,23,115,64,85,12,12,281,79,78,40,28,67,69,48,69,62,72,40,132,55,20,11,24,21,49,79,66,12,30,43,39,15,34,38,22,5,23,39,31,44,28,2,8,40,25,9,24,22,33,,,,sp095,171,,210,,358,
,sp096,55,22,42,33,56,21,76,51,37,15,98,27,12,65,49,20,15,11,8,67,18,26,47,64,25,64,36,34,28,20,38,38,18,16,54,29,35,20,89,17,17,18,24,115,64,86,12,12,283,80,79,40,29,67,70,48,70,62,73,40,133,55,20,11,25,21,49,80,66,12,31,43,39,15,35,38,22,5,24,39,32,44,29,2,8,40,26,9,24,22,34,,,,sp096,171,,205,,352,
,sp097,56,22,43,33,57,21,76,51,37,15,98,27,12,66,49,20,15,11,8,68,19,26,47,64,25,64,36,34,28,21,38,38,19,16,55,29,35,21,90,17,17,19,24,116,65,86,12,12,285,80,79,40,29,68,70,48,70,63,73,40,134,56,21,11,25,22,49,80,67,12,31,43,39,15,35,38,23,5,24,39,32,44,29,2,8,40,26,9,24,22,34,,,,sp097,171,,199,,346,
,sp098,56,22,43,33,57,21,77,52,37,15,99,27,12,66,49,20,15,11,8,68,19,26,47,65,25,65,36,34,28,21,38,38,19,17,55,29,35,21,90,18,18,19,24,117,65,87,12,12,287,81,80,40,29,68,70,49,70,63,74,40,135,56,21,11,25,22,50,81,67,12,31,43,39,16,35,38,23,5,24,39,32,45,29,2,8,40,26,9,24,22,34,,,,sp098,172,,193,,341,
,sp099,56,22,43,33,57,21,77,52,38,15,100,28,12,66,50,20,15,11,8,69,19,27,48,65,25,65,36,34,28,21,39,39,19,17,55,29,35,21,91,18,18,19,24,118,66,87,12,12,288,81,80,41,29,69,71,49,71,64,74,41,135,56,21,11,25,22,50,81,68,12,31,44,40,16,35,39,23,5,24,40,32,45,29,2,8,41,26,9,24,22,34,,,,sp099,173,,187,,335,
,sp100,57,22,43,33,58,21,78,52,38,16,100,28,12,67,50,20,16,11,8,69,19,27,48,66,26,66,37,34,28,21,39,39,19,17,55,29,36,21,91,18,18,19,24,118,66,88,13,13,290,82,81,41,29,69,71,49,71,64,74,41,136,57,21,12,25,22,50,82,68,13,31,44,40,16,36,39,23,5,24,40,32,45,29,2,8,41,26,9,24,22,35,,,,sp100,173,,181,,329,
,sp101,57,22,44,34,58,21,78,52,38,16,101,28,12,67,50,20,16,11,8,69,19,27,48,66,26,66,37,35,28,21,39,39,19,17,56,29,36,21,92,18,18,19,24,119,66,88,13,13,291,82,81,41,29,69,72,49,72,64,75,41,137,57,21,12,25,22,50,82,68,13,32,44,40,16,36,39,23,5,24,40,33,45,29,2,8,41,26,9,25,22,35,,,,sp101,175,,175,,323,
,sp102,57,22,44,34,58,21,79,53,38,16,101,28,12,67,50,20,16,11,8,70,19,27,48,66,26,66,37,35,29,21,39,39,19,17,56,30,36,21,92,18,18,19,24,119,67,89,13,13,293,82,81,41,30,70,72,50,72,64,75,41,137,57,21,12,25,22,51,82,69,13,32,44,40,16,36,39,23,5,24,40,33,45,30,2,8,41,26,9,25,22,35,,,,sp102,176,,169,,317,
,sp103,57,23,44,34,59,21,79,53,38,16,101,28,12,68,51,20,16,11,8,70,19,27,48,66,26,66,37,35,29,21,39,39,19,17,56,30,36,21,92,18,18,19,24,120,67,89,13,13,294,83,82,41,30,70,72,50,72,65,75,41,138,57,21,12,25,22,51,83,69,13,32,45,40,16,36,39,23,5,24,40,33,46,30,2,8,41,27,9,25,23,35,,,,sp103,177,,163,,312,
,sp104,58,23,44,34,59,22,79,53,38,16,102,28,12,68,51,20,16,11,8,70,19,27,49,67,26,67,37,35,29,21,39,39,19,17,57,30,36,21,93,18,18,19,25,121,67,90,13,13,295,83,82,42,30,70,73,50,73,65,76,42,139,58,21,12,26,22,51,83,69,13,32,45,41,16,36,39,23,5,25,41,33,46,30,2,9,42,27,9,25,23,35,,,,sp104,178,,158,,307,
,sp105,58,23,44,34,59,22,80,53,39,16,102,28,13,68,51,20,16,11,8,71,19,27,49,67,26,67,38,35,29,21,40,40,19,17,57,30,36,21,93,18,18,19,25,121,68,90,13,13,297,84,83,42,30,71,73,50,73,65,76,42,139,58,21,12,26,23,51,84,70,13,32,45,41,16,36,40,24,5,25,41,33,46,30,2,9,42,27,9,25,23,35,,,,sp105,179,,154,,302,
,sp106,58,23,45,34,59,22,80,54,39,16,103,29,13,69,51,21,16,11,8,71,19,27,49,67,26,67,38,35,29,22,40,40,19,17,57,30,37,22,94,18,18,19,25,122,68,90,13,13,298,84,83,42,30,71,73,51,73,66,76,42,140,58,22,12,26,23,52,84,70,13,32,45,41,16,37,40,24,5,25,41,33,46,30,2,9,42,27,9,25,23,36,,,,sp106,180,,151,,298,
,sp107,59,23,45,34,60,22,80,54,39,16,103,29,13,69,52,21,16,11,8,71,20,28,49,68,26,68,38,36,29,22,40,40,19,17,57,30,37,22,94,18,18,19,25,122,68,91,13,13,300,84,83,42,30,71,74,51,74,66,77,42,141,58,22,12,26,23,52,84,70,13,32,45,41,16,37,40,24,5,25,41,34,47,30,2,9,42,27,9,25,23,36,,,,sp107,180,,149,,294,
,sp108,59,23,45,35,60,22,81,54,39,16,104,29,13,69,52,21,16,12,8,72,20,28,50,68,27,68,38,36,29,22,40,40,20,17,58,30,37,22,95,19,19,20,25,123,69,91,13,13,302,85,84,42,30,72,74,51,74,66,77,42,142,59,22,12,26,23,52,85,71,13,33,46,41,16,37,40,24,5,25,41,34,47,30,2,9,42,27,9,25,23,36,,,,sp108,180,,148,,291,
,sp109,59,23,45,35,61,22,81,55,40,16,105,29,13,70,52,21,16,12,8,72,20,28,50,69,27,69,38,36,30,22,41,41,20,18,58,31,37,22,95,19,19,20,25,124,69,92,13,13,304,86,84,43,31,72,75,52,75,67,78,43,143,59,22,12,26,23,53,86,71,13,33,46,42,16,37,41,24,5,25,42,34,47,31,2,9,43,27,9,26,23,36,,,,sp109,180,,148,,289,
,sp110,60,23,46,35,61,22,82,55,40,16,106,29,13,70,53,21,16,12,8,73,20,28,50,69,27,69,39,36,30,22,41,41,20,18,59,31,38,22,96,19,19,20,25,125,70,93,13,13,306,86,85,43,31,73,75,52,75,67,78,43,144,60,22,12,27,23,53,86,72,13,33,46,42,17,38,41,24,6,25,42,34,48,31,2,9,43,28,9,26,23,36,,,,sp110,180,,148,,286,
,sp111,60,24,46,36,62,22,83,56,40,17,107,30,13,71,53,21,17,12,8,73,20,28,51,70,27,70,39,37,30,22,41,41,20,18,59,31,38,22,97,19,19,20,26,126,70,94,13,13,309,87,86,43,31,74,76,52,76,68,79,43,145,60,22,12,27,23,54,87,72,13,33,47,42,17,38,41,25,6,26,42,35,48,31,2,9,43,28,9,26,24,37,,,,sp111,180,,148,,284,
,sp112,61,24,47,36,62,23,84,56,41,17,107,30,13,72,54,22,17,12,8,74,20,29,51,70,27,70,39,37,30,23,42,42,20,18,60,32,38,23,98,19,19,20,26,127,71,95,14,14,312,88,87,44,32,74,77,53,77,69,80,44,146,61,23,12,27,24,54,88,73,14,34,47,43,17,38,42,25,6,26,43,35,48,32,2,9,44,28,10,26,24,37,,,,sp112,180,,148,,282,
,sp113,61,24,47,36,63,23,84,57,41,17,108,30,13,72,54,22,17,12,8,75,20,29,52,71,28,71,40,37,31,23,42,42,20,18,60,32,39,23,99,19,19,20,26,128,72,95,14,14,315,89,87,44,32,75,77,53,77,69,81,44,148,61,23,12,27,24,55,89,74,14,34,48,43,17,39,42,25,6,26,43,35,49,32,2,9,44,28,10,27,24,37,,,,sp113,180,,148,,280,
,sp114,62,24,47,36,63,23,85,57,41,17,109,30,13,73,55,22,17,12,9,75,21,29,52,72,28,72,40,38,31,23,42,42,21,18,61,32,39,23,100,19,19,21,26,129,72,96,14,14,317,89,88,45,32,76,78,54,78,70,81,45,149,62,23,13,28,24,55,89,74,14,34,48,44,17,39,42,25,6,26,44,36,49,32,2,9,45,29,10,27,24,38,,,,sp114,179,,148,,278,
,sp115,63,25,48,37,64,23,86,58,42,17,110,31,14,74,55,22,17,12,9,76,21,29,53,72,28,72,40,38,31,23,43,43,21,18,61,32,39,23,101,20,20,21,27,131,73,97,14,14,320,90,89,45,32,76,79,54,79,71,82,45,150,62,23,13,28,24,55,90,75,14,35,49,44,17,39,43,25,6,27,44,36,50,32,2,9,45,29,10,27,25,38,,,,sp115,179,,148,,276,
,sp116,63,25,48,37,64,24,87,58,42,17,111,31,14,74,56,22,17,12,9,77,21,30,53,73,28,73,41,38,31,23,43,43,21,19,62,33,40,23,101,20,20,21,27,132,73,98,14,14,323,91,90,45,33,77,79,55,79,71,83,45,152,63,23,13,28,24,56,91,76,14,35,49,44,17,40,43,26,6,27,44,36,50,33,2,9,45,29,10,27,25,38,,,,sp116,179,,148,,274,
,sp117,64,25,49,37,65,24,87,59,42,17,112,31,14,75,56,22,17,12,9,77,21,30,54,74,29,74,41,39,32,23,43,43,21,19,62,33,40,23,102,20,20,21,27,133,74,99,14,14,325,92,90,46,33,77,80,55,80,72,83,46,153,63,23,13,28,25,56,92,76,14,35,49,45,18,40,43,26,6,27,45,36,50,33,2,9,46,29,10,27,25,39,,,,sp117,179,,148,,273,
,sp118,64,25,49,38,65,24,88,59,43,18,113,31,14,75,56,23,18,13,9,78,21,30,54,74,29,74,41,39,32,24,44,44,21,19,63,33,40,24,103,20,20,21,27,133,74,99,14,14,327,92,91,46,33,78,80,56,80,72,84,46,154,64,24,13,28,25,57,92,77,14,35,50,45,18,40,44,26,6,27,45,37,51,33,2,9,46,30,10,28,25,39,,,,sp118,179,,148,,272,
,sp119,64,25,49,38,65,24,88,59,43,18,113,31,14,76,57,23,18,13,9,78,21,30,54,74,29,74,42,39,32,24,44,44,21,19,63,33,40,24,103,20,20,21,27,134,75,100,14,14,329,93,91,46,33,78,81,56,81,72,84,46,154,64,24,13,28,25,57,93,77,14,36,50,45,18,40,44,26,6,27,45,37,51,33,2,9,46,30,10,28,25,39,,,,sp119,178,,148,,272,
,sp120,64,25,49,38,66,24,88,59,43,18,114,32,14,76,57,23,18,13,9,78,21,30,54,75,29,75,42,39,32,24,44,44,21,19,63,33,40,24,104,20,20,21,27,134,75,100,14,14,330,93,92,46,33,79,81,56,81,73,84,46,155,64,24,13,29,25,57,93,77,14,36,50,45,18,40,44,26,6,27,45,37,51,33,2,10,46,30,10,28,25,39,,,,sp120,178,,148,,271,
,sp121,65,25,49,38,66,24,89,59,43,18,114,32,14,76,57,23,18,13,9,78,22,30,54,75,29,75,42,39,32,24,44,44,21,19,63,33,41,24,104,20,20,21,27,135,75,100,14,14,330,93,92,46,33,79,81,56,81,73,85,46,155,64,24,13,29,25,57,93,77,14,36,50,45,18,41,44,26,6,27,45,37,51,33,2,10,46,30,10,28,25,39,,,,sp121,178,,149,,271,
,sp122,65,25,49,38,66,24,89,60,43,18,114,32,14,76,57,23,18,13,9,79,22,30,55,75,29,75,42,39,32,24,44,44,21,19,63,33,41,24,104,20,20,21,27,135,75,100,14,14,331,93,92,47,33,79,81,56,81,73,85,47,155,64,24,13,29,25,57,93,78,14,36,50,45,18,41,44,26,6,27,45,37,51,33,2,10,47,30,10,28,25,39,,,,sp122,179,,151,,272,
,sp123,65,25,50,38,66,24,89,60,43,18,114,32,14,76,57,23,18,13,9,79,22,30,55,75,29,75,42,39,32,24,44,44,22,19,63,34,41,24,104,20,20,22,28,135,75,101,14,14,331,93,92,47,34,79,81,56,81,73,85,47,156,65,24,13,29,25,57,93,78,14,36,50,45,18,41,44,26,6,28,45,37,51,34,2,10,47,30,10,28,25,39,,,,sp123,179,,154,,272,
,sp124,65,25,50,38,66,24,89,60,43,18,115,32,14,76,57,23,18,13,9,79,22,31,55,75,29,75,42,39,32,24,44,44,22,19,64,34,41,24,104,20,20,22,28,135,76,101,14,14,332,93,92,47,34,79,81,56,81,73,85,47,156,65,24,13,29,25,58,93,78,14,36,50,46,18,41,44,26,6,28,46,37,52,34,2,10,47,30,10,28,25,40,,,,sp124,179,,158,,273,
,sp125,65,25,50,38,66,24,89,60,43,18,115,32,14,76,57,23,18,13,9,79,22,31,55,75,29,75,42,40,32,24,44,44,22,19,64,34,41,24,104,20,20,22,28,136,76,101,14,14,332,94,92,47,34,79,82,56,82,73,85,47,156,65,24,13,29,25,58,94,78,14,36,50,46,18,41,44,26,6,28,46,37,52,34,2,10,47,30,10,28,25,40,,,,sp125,179,,163,,274,
,sp126,65,26,50,38,66,24,89,60,43,18,115,32,14,77,57,23,18,13,9,79,22,31,55,75,29,75,42,40,32,24,44,44,22,19,64,34,41,24,105,20,20,22,28,136,76,101,14,14,333,94,93,47,34,79,82,56,82,73,85,47,156,65,24,13,29,25,58,94,78,14,36,50,46,18,41,44,26,6,28,46,37,52,34,2,10,47,30,10,28,26,40,,,,sp126,179,,168,,274,
,sp127,65,26,50,38,66,24,89,60,43,18,115,32,14,77,57,23,18,13,9,79,22,31,55,75,29,75,42,40,32,24,45,45,22,19,64,34,41,24,105,20,20,22,28,136,76,101,14,14,333,94,93,47,34,79,82,57,82,73,85,47,156,65,24,13,29,25,58,94,78,14,36,51,46,18,41,45,26,6,28,46,37,52,34,2,10,47,30,10,28,26,40,,,,sp127,180,,173,,275,
,sp128,65,26,50,38,66,24,89,60,43,18,115,32,14,77,58,23,18,13,9,79,22,31,55,75,29,75,42,40,33,24,45,45,22,19,64,34,41,24,105,20,20,22,28,136,76,101,14,14,334,94,93,47,34,79,82,57,82,73,86,47,157,65,24,13,29,25,58,94,78,14,36,51,46,18,41,45,26,6,28,46,37,52,34,2,10,47,30,10,28,26,40,,,,sp128,180,,179,,276,
,sp129,65,26,50,38,67,24,90,60,44,18,115,32,14,77,58,23,18,13,9,79,22,31,55,75,29,75,42,40,33,24,45,45,22,19,64,34,41,24,105,20,20,22,28,136,76,101,14,14,334,94,93,47,34,80,82,57,82,74,86,47,157,65,24,13,29,25,58,94,78,14,36,51,46,18,41,45,27,6,28,46,37,52,34,2,10,47,30,10,28,26,40,,,,sp129,180,,183,,277,
,sp130,65,26,50,38,67,24,90,60,44,18,115,32,14,77,58,23,18,13,9,79,22,31,55,76,29,76,42,40,33,24,45,45,22,19,64,34,41,24,105,21,21,22,28,136,76,101,14,14,334,94,93,47,34,80,82,57,82,74,86,47,157,65,24,13,29,25,58,94,78,14,36,51,46,18,41,45,27,6,28,46,37,52,34,2,10,47,30,10,28,26,40,,,,sp130,180,,188,,277,
,sp131,65,26,50,38,67,24,90,60,44,18,115,32,14,77,58,23,18,13,9,79,22,31,55,76,29,76,42,40,33,24,45,45,22,19,64,34,41,24,105,21,21,22,28,136,76,101,14,14,334,94,93,47,34,80,82,57,82,74,86,47,157,65,24,13,29,25,58,94,78,14,36,51,46,18,41,45,27,6,28,46,37,52,34,2,10,47,30,10,28,26,40,,,,sp131,181,,191,,277,
,sp132,65,26,50,38,67,24,90,60,44,18,115,32,14,77,58,23,18,13,9,79,22,31,55,76,29,76,42,40,33,24,45,45,22,19,64,34,41,24,105,21,21,22,28,136,76,101,14,14,334,94,93,47,34,80,82,57,82,74,86,47,157,65,24,13,29,25,58,94,78,14,36,51,46,18,41,45,27,6,28,46,37,52,34,2,10,47,30,10,28,26,40,,,,sp132,181,,194,,278,
,sp133,65,26,50,38,67,24,90,60,44,18,115,32,14,77,58,23,18,13,9,79,22,31,55,76,29,76,42,40,33,24,45,45,22,19,64,34,41,24,105,20,20,22,28,136,76,101,14,14,334,94,93,47,34,80,82,57,82,74,86,47,157,65,24,13,29,25,58,94,78,14,36,51,46,18,41,45,27,6,28,46,37,52,34,2,10,47,30,10,28,26,40,,,,sp133,181,,196,,277,
,sp134,65,26,50,38,66,24,89,60,43,18,115,32,14,77,57,23,18,13,9,79,22,31,55,75,29,75,42,40,32,24,45,45,22,19,64,34,41,24,105,20,20,22,28,136,76,101,14,14,333,94,93,47,34,79,82,57,82,73,85,47,156,65,24,13,29,25,58,94,78,14,36,51,46,18,41,45,26,6,28,46,37,52,34,2,10,47,30,10,28,26,40,,,,sp134,181,,198,,277,
,sp135,65,25,50,38,66,24,89,60,43,18,115,32,14,76,57,23,18,13,9,79,22,31,55,75,29,75,42,39,32,24,44,44,22,19,64,34,41,24,104,20,20,22,28,135,76,101,14,14,332,94,92,47,34,79,82,56,82,73,85,47,156,65,24,13,29,25,58,94,78,14,36,50,46,18,41,44,26,6,28,46,37,52,34,2,10,47,30,10,28,25,40,,,,sp135,181,,200,,277,
,sp136,65,25,49,38,66,24,89,60,43,18,114,32,14,76,57,23,18,13,9,79,22,30,54,75,29,75,42,39,32,24,44,44,21,19,63,33,41,24,104,20,20,21,27,135,75,100,14,14,331,93,92,47,33,79,81,56,81,73,85,47,155,64,24,13,29,25,57,93,78,14,36,50,45,18,41,44,26,6,27,45,37,51,33,2,10,47,30,10,28,25,39,,,,sp136,181,,201,,277,
,sp137,64,25,49,38,65,24,88,59,43,18,113,31,14,76,57,23,18,13,9,78,21,30,54,74,29,74,42,39,32,24,44,44,21,19,63,33,40,24,103,20,20,21,27,134,75,100,14,14,329,93,91,46,33,78,81,56,81,72,84,46,154,64,24,13,28,25,57,93,77,14,36,50,45,18,40,44,26,6,27,45,37,51,33,2,9,46,30,10,28,25,39,,,,sp137,182,,203,,277,
,sp138,64,25,49,38,65,24,88,59,43,18,113,31,14,75,56,23,18,13,9,78,21,30,54,74,29,74,41,39,32,24,44,44,21,19,62,33,40,24,103,20,20,21,27,133,74,99,14,14,327,92,91,46,33,78,80,55,80,72,84,46,153,64,24,13,28,25,57,92,77,14,35,50,45,18,40,44,26,6,27,45,37,51,33,2,9,46,29,10,28,25,39,,,,sp138,182,,204,,277,
,sp139,63,25,48,37,65,24,87,58,42,17,112,31,14,75,56,22,17,12,9,77,21,30,53,73,29,73,41,39,32,23,43,43,21,19,62,33,40,23,102,20,20,21,27,132,74,98,14,14,324,91,90,46,33,77,80,55,80,71,83,46,152,63,23,13,28,25,56,91,76,14,35,49,44,18,40,43,26,6,27,44,36,50,33,2,9,46,29,10,27,25,39,,,,sp139,182,,206,,277,
,sp140,63,25,48,37,64,23,86,58,42,17,111,31,14,74,55,22,17,12,9,76,21,30,53,73,28,73,41,38,31,23,43,43,21,19,62,33,39,23,101,20,20,21,27,131,73,98,14,14,322,91,89,45,33,77,79,55,79,71,82,45,151,63,23,13,28,24,56,91,75,14,35,49,44,17,39,43,26,6,27,44,36,50,33,2,9,45,29,10,27,25,38,,,,sp140,182,,207,,276,
,sp141,62,24,48,37,64,23,86,57,42,17,110,31,13,73,55,22,17,12,9,76,21,29,53,72,28,72,40,38,31,23,43,43,21,18,61,32,39,23,100,20,20,21,26,130,73,97,14,14,319,90,89,45,32,76,78,54,78,70,82,45,150,62,23,13,28,24,55,90,75,14,35,48,44,17,39,43,25,6,26,44,36,50,32,2,9,45,29,10,27,24,38,,,,sp141,182,,208,,276,
,sp142,62,24,47,36,63,23,85,57,41,17,109,30,13,73,55,22,17,12,8,75,21,29,52,72,28,72,40,38,31,23,42,42,21,18,61,32,39,23,99,19,19,21,26,129,72,96,14,14,316,89,88,45,32,75,78,54,78,70,81,45,148,62,23,13,27,24,55,89,74,14,34,48,43,17,39,42,25,6,26,43,35,49,32,2,9,45,29,10,27,24,38,,,,sp142,183,,209,,276,
,sp143,61,24,47,36,63,23,84,56,41,17,108,30,13,72,54,22,17,12,8,75,20,29,52,71,28,71,40,37,31,23,42,42,20,18,60,32,38,23,99,19,19,20,26,128,71,95,14,14,314,88,87,44,32,75,77,53,77,69,80,44,147,61,23,12,27,24,54,88,74,14,34,48,43,17,38,42,25,6,26,43,35,49,32,2,9,44,28,10,26,24,37,,,,sp143,183,,210,,276,
,sp144,61,24,46,36,62,23,83,56,41,17,107,30,13,72,54,21,17,12,8,74,20,29,51,70,27,70,39,37,30,22,42,42,20,18,60,31,38,22,98,19,19,20,26,127,71,94,13,13,311,88,86,44,31,74,76,53,76,68,80,44,146,61,22,12,27,24,54,88,73,13,34,47,43,17,38,42,25,6,26,43,35,48,31,2,9,44,28,10,26,24,37,,,,sp144,183,,211,,275,
,sp145,60,24,46,35,61,22,83,55,40,17,106,30,13,71,53,21,17,12,8,73,20,28,51,70,27,70,39,37,30,22,41,41,20,18,59,31,38,22,97,19,19,20,26,126,70,93,13,13,308,87,86,43,31,73,76,52,76,68,79,43,145,60,22,12,27,23,53,87,72,13,33,47,42,17,38,41,24,6,26,42,34,48,31,2,9,43,28,9,26,24,37,,,,sp145,183,,212,,275,
,sp146,60,23,46,35,61,22,82,55,40,16,105,29,13,70,53,21,16,12,8,72,20,28,50,69,27,69,39,36,30,22,41,41,20,18,58,31,37,22,96,19,19,20,25,124,69,92,13,13,305,86,85,43,31,73,75,52,75,67,78,43,143,59,22,12,26,23,53,86,72,13,33,46,42,17,37,41,24,6,25,42,34,47,31,2,9,43,28,9,26,23,36,,,,sp146,183,,213,,274,
,sp147,59,23,45,35,60,22,81,54,39,16,104,29,13,69,52,21,16,12,8,72,20,28,50,68,27,68,38,36,29,22,40,40,20,17,58,30,37,22,95,18,18,20,25,123,68,91,13,13,301,85,84,42,30,72,74,51,74,66,77,42,141,59,22,12,26,23,52,85,71,13,33,46,41,16,37,40,24,5,25,41,34,47,30,2,9,42,27,9,25,23,36,,,,sp147,184,,214,,273,
,sp148,58,23,44,34,59,22,80,54,39,16,102,28,13,68,51,20,16,11,8,71,19,27,49,67,26,67,38,35,29,21,40,40,19,17,57,30,36,21,93,18,18,19,25,121,68,90,13,13,297,84,83,42,30,71,73,50,73,65,76,42,139,58,21,12,26,23,51,84,70,13,32,45,41,16,36,40,24,5,25,41,33,46,30,2,9,42,27,9,25,23,35,,,,sp148,184,,214,,272,
,sp149,57,22,44,34,58,21,79,53,38,16,101,28,12,67,51,20,16,11,8,70,19,27,48,66,26,66,37,35,29,21,39,39,19,17,56,30,36,21,92,18,18,19,24,119,67,89,13,13,293,82,81,41,30,70,72,50,72,64,75,41,137,57,21,12,25,22,51,82,69,13,32,44,40,16,36,39,23,5,24,40,33,45,30,2,8,41,26,9,25,22,35,,,,sp149,184,,215,,270,
,sp150,56,22,43,33,57,21,77,52,38,15,100,28,12,66,50,20,15,11,8,69,19,27,48,65,25,65,36,34,28,21,39,39,19,17,55,29,35,21,91,18,18,19,24,118,66,87,12,12,288,81,80,41,29,69,71,49,71,64,74,41,135,56,21,11,25,22,50,81,68,12,31,44,40,16,35,39,23,5,24,40,32,45,29,2,8,41,26,9,24,22,34,,,,sp150,185,,216,,269,
,sp151,56,22,42,33,57,21,76,51,37,15,98,27,12,65,49,20,15,11,8,67,19,26,47,64,25,64,36,34,28,21,38,38,18,16,54,29,35,21,89,17,17,18,24,116,65,86,12,12,284,80,79,40,29,68,70,48,70,63,73,40,133,55,21,11,25,22,49,80,67,12,31,43,39,15,35,38,23,5,24,39,32,44,29,2,8,40,26,9,24,22,34,,,,sp151,185,,216,,267,
,sp152,55,21,42,32,56,20,75,50,36,15,96,27,12,64,48,19,15,11,7,66,18,26,46,63,25,63,35,33,27,20,37,37,18,16,53,28,34,20,88,17,17,18,23,114,64,85,12,12,280,79,78,39,28,67,69,47,69,62,72,39,131,55,20,11,24,21,48,79,66,12,30,42,38,15,34,37,22,5,23,38,31,43,28,2,8,39,25,9,24,21,33,,,,sp152,185,,217,,266,
,sp153,54,21,41,32,55,20,74,50,36,15,95,26,12,63,47,19,15,11,7,65,18,25,45,62,24,62,35,33,27,20,37,37,18,16,53,28,34,20,86,17,17,18,23,112,63,83,12,12,275,77,77,39,28,66,68,47,68,61,71,39,129,54,20,11,24,21,48,77,65,12,30,42,38,15,34,37,22,5,23,38,31,43,28,2,8,39,25,8,23,21,33,,,,sp153,186,,218,,264,
,sp154,53,21,41,31,54,20,73,49,35,15,93,26,11,62,47,19,15,10,7,64,18,25,45,61,24,61,34,32,26,20,36,36,18,16,52,27,33,20,85,17,17,18,23,111,62,82,12,12,271,76,75,38,27,65,67,46,67,60,69,38,127,53,20,11,23,21,47,76,64,12,29,41,37,15,33,36,22,5,23,37,30,42,27,2,8,38,24,8,23,21,32,,,,sp154,186,,218,,262,
,sp155,52,20,40,31,53,19,72,48,35,14,92,26,11,61,46,18,14,10,7,63,17,25,44,60,24,60,34,32,26,19,36,36,17,15,51,27,33,19,84,16,16,17,22,109,61,81,12,12,267,75,74,38,27,64,66,45,66,59,68,38,125,52,19,11,23,20,46,75,63,12,29,40,37,14,33,36,21,5,22,37,30,41,27,2,8,38,24,8,23,20,32,,,,sp155,186,,219,,261,
,sp156,51,20,39,30,52,19,71,47,34,14,91,25,11,61,45,18,14,10,7,63,17,24,43,60,23,60,33,31,26,19,35,35,17,15,50,27,32,19,83,16,16,17,22,107,60,80,11,11,263,74,73,37,27,63,65,45,65,58,68,37,124,51,19,10,23,20,46,74,62,11,29,40,36,14,32,35,21,5,22,36,29,41,27,2,8,37,24,8,22,20,31,,,,sp156,186,,219,,260,
,sp157,51,20,39,30,52,19,70,47,34,14,90,25,11,60,45,18,14,10,7,62,17,24,43,59,23,59,33,31,25,19,35,35,17,15,50,26,32,19,82,16,16,17,22,106,59,79,11,11,260,73,72,37,26,62,64,44,64,57,67,37,122,51,19,10,23,20,45,73,61,11,28,39,36,14,32,35,21,5,22,36,29,40,26,2,8,37,23,8,22,20,31,,,,sp157,186,,220,,258,
,sp158,50,20,38,29,51,19,69,46,33,14,88,25,11,59,44,18,14,10,7,61,17,24,42,58,23,58,32,30,25,19,34,34,17,15,49,26,31,19,81,16,16,17,21,105,58,78,11,11,256,72,71,36,26,61,63,43,63,56,66,36,120,50,19,10,22,19,44,72,60,11,28,39,35,14,31,34,20,5,21,35,29,40,26,2,7,36,23,8,22,20,31,,,,sp158,186,,220,,257,
,sp159,49,19,38,29,50,18,68,46,33,14,87,24,11,58,44,17,14,10,7,60,16,23,42,57,22,57,32,30,25,18,34,34,16,15,48,26,31,18,79,16,16,16,21,103,57,77,11,11,253,71,70,36,26,60,62,43,62,56,65,36,119,49,18,10,22,19,44,71,59,11,27,38,35,14,31,34,20,5,21,35,28,39,26,2,7,36,23,8,21,19,30,,,,sp159,185,,221,,255,
,sp160,49,19,37,29,50,18,67,45,32,13,86,24,11,57,43,17,13,10,7,59,16,23,41,56,22,56,32,30,24,18,33,33,16,14,48,25,31,18,78,15,15,16,21,102,57,76,11,11,249,70,69,35,25,59,61,42,61,55,64,35,117,49,18,10,22,19,43,70,58,11,27,38,34,13,31,33,20,4,21,34,28,39,25,2,7,35,22,8,21,19,30,,,,sp160,185,,221,,254,
,sp161,48,19,37,28,49,18,66,44,32,13,85,24,10,56,42,17,13,9,7,58,16,23,40,56,22,56,31,29,24,18,33,33,16,14,47,25,30,18,77,15,15,16,20,100,56,74,11,11,246,69,68,35,25,59,60,42,60,54,63,35,115,48,18,10,21,19,43,69,58,11,27,37,34,13,30,33,20,4,20,34,27,38,25,2,7,35,22,8,21,19,29,,,,sp161,184,,222,,253,
,sp162,47,19,36,28,48,18,65,44,32,13,84,23,10,56,42,17,13,9,6,58,16,22,40,55,21,55,31,29,24,17,32,32,16,14,46,24,30,17,76,15,15,16,20,99,55,73,10,10,242,68,67,34,24,58,59,41,59,53,62,34,114,47,17,10,21,18,42,68,57,10,26,37,33,13,30,32,19,4,20,33,27,38,24,2,7,34,22,7,20,19,29,,,,sp162,183,,222,,251,
,sp163,47,18,36,27,48,17,64,43,31,13,82,23,10,55,41,16,13,9,6,57,16,22,39,54,21,54,30,28,23,17,32,32,16,14,46,24,29,17,75,15,15,16,20,97,54,72,10,10,239,67,66,34,24,57,59,41,59,53,61,34,112,47,17,9,21,18,41,67,56,10,26,36,33,13,29,32,19,4,20,33,27,37,24,2,7,34,22,7,20,18,28,,,,sp163,183,,222,,250,
,sp164,46,18,35,27,47,17,63,42,31,13,81,23,10,54,41,16,13,9,6,56,15,22,39,53,21,53,30,28,23,17,32,32,15,14,45,24,29,17,74,14,14,15,20,96,54,72,10,10,236,66,66,33,24,56,58,40,58,52,60,33,111,46,17,9,20,18,41,66,55,10,26,36,32,13,29,32,19,4,20,32,26,37,24,2,7,33,21,7,20,18,28,,,,sp164,182,,223,,249,
,sp165,46,18,35,27,46,17,63,42,30,13,80,22,10,54,40,16,13,9,6,55,15,21,38,53,21,53,29,28,23,17,31,31,15,13,45,24,29,17,73,14,14,15,19,95,53,71,10,10,233,66,65,33,24,56,57,40,57,51,60,33,109,45,17,9,20,18,40,66,55,10,25,35,32,13,29,31,19,4,19,32,26,36,24,2,7,33,21,7,20,18,28,,,,sp165,181,,223,,247,
,sp166,45,18,34,27,46,17,62,42,30,12,80,22,10,53,40,16,12,9,6,55,15,21,38,52,20,52,29,27,22,17,31,31,15,13,44,23,28,17,72,14,14,15,19,94,52,70,10,10,231,65,64,32,23,55,57,39,57,51,59,32,108,45,17,9,20,17,40,65,54,10,25,35,32,12,28,31,18,4,19,32,26,36,23,2,7,32,21,7,19,18,27,,,,sp166,181,,223,,246,
,sp167,45,18,34,26,46,17,61,41,30,12,79,22,10,53,39,16,12,9,6,54,15,21,38,52,20,52,29,27,22,16,31,31,15,13,44,23,28,16,72,14,14,15,19,93,52,69,10,10,228,64,63,32,23,54,56,39,56,50,59,32,107,45,16,9,20,17,40,64,54,10,25,35,31,12,28,31,18,4,19,31,26,35,23,2,7,32,21,7,19,18,27,,,,sp167,180,,223,,245,
,sp168,44,17,34,26,45,17,61,41,30,12,78,22,10,52,39,16,12,9,6,54,15,21,37,51,20,51,29,27,22,16,30,30,15,13,43,23,28,16,71,14,14,15,19,92,52,69,10,10,227,64,63,32,23,54,56,38,56,50,58,32,106,44,16,9,20,17,39,64,53,10,25,34,31,12,28,30,18,4,19,31,25,35,23,2,7,32,20,7,19,17,27,,,,sp168,179,,223,,244,
,sp169,44,17,34,26,45,16,60,41,29,12,78,22,9,52,39,16,12,9,6,54,15,21,37,51,20,51,28,27,22,16,30,30,15,13,43,23,28,16,71,14,14,15,19,92,51,68,10,10,225,63,63,32,23,54,55,38,55,50,58,32,106,44,16,9,20,17,39,63,53,10,24,34,31,12,28,30,18,4,19,31,25,35,23,2,7,32,20,7,19,17,27,,,,sp169,179,,223,,243,
,sp170,44,17,33,26,45,16,60,40,29,12,77,21,9,51,39,15,12,9,6,53,15,21,37,51,20,51,28,27,22,16,30,30,15,13,43,23,27,16,70,14,14,15,19,91,51,68,10,10,224,63,62,31,23,53,55,38,55,49,57,31,105,44,16,9,19,17,39,63,52,10,24,34,31,12,27,30,18,4,19,31,25,35,23,2,6,31,20,7,19,17,27,,,,sp170,178,,222,,243,
,sp171,43,17,33,26,44,16,60,40,29,12,77,21,9,51,38,15,12,9,6,53,14,20,37,50,20,50,28,26,22,16,30,30,14,13,43,22,27,16,70,14,14,14,18,91,51,67,10,10,222,63,62,31,22,53,55,38,55,49,57,31,104,43,16,9,19,17,39,63,52,10,24,34,30,12,27,30,18,4,18,30,25,34,22,2,6,31,20,7,19,17,26,,,,sp171,178,,220,,242,
,sp172,43,17,33,25,44,16,59,40,29,12,76,21,9,51,38,15,12,8,6,52,14,20,36,50,19,50,28,26,22,16,29,29,14,13,42,22,27,16,69,14,14,14,18,90,50,67,10,10,221,62,61,31,22,53,54,37,54,49,57,31,104,43,16,9,19,17,38,62,52,10,24,33,30,12,27,29,18,4,18,30,25,34,22,2,6,31,20,7,19,17,26,,,,sp172,177,,218,,241,
,sp173,43,17,33,25,44,16,59,40,29,12,76,21,9,50,38,15,12,8,6,52,14,20,36,50,19,50,28,26,21,16,29,29,14,13,42,22,27,16,69,13,13,14,18,90,50,67,10,10,219,62,61,31,22,52,54,37,54,48,56,31,103,43,16,9,19,17,38,62,52,10,24,33,30,12,27,29,17,4,18,30,25,34,22,2,6,31,20,7,19,17,26,,,,sp173,176,,215,,240,
,sp174,43,17,33,25,43,16,59,39,28,12,75,21,9,50,38,15,12,8,6,52,14,20,36,49,19,49,28,26,21,16,29,29,14,13,42,22,27,16,69,13,13,14,18,89,50,66,9,9,218,61,61,31,22,52,54,37,54,48,56,31,102,43,16,9,19,17,38,61,51,9,24,33,30,12,27,29,17,4,18,30,24,34,22,2,6,31,20,7,18,17,26,,,,sp174,176,,213,,239,
,sp175,42,17,32,25,43,16,58,39,28,12,75,21,9,50,37,15,12,8,6,52,14,20,36,49,19,49,27,26,21,16,29,29,14,13,42,22,27,16,68,13,13,14,18,89,49,66,9,9,217,61,60,31,22,52,53,37,53,48,56,31,102,42,16,9,19,16,38,61,51,9,24,33,30,12,27,29,17,4,18,30,24,34,22,2,6,31,20,7,18,17,26,,,,sp175,175,,210,,239,
,sp176,42,17,32,25,43,16,58,39,28,12,75,21,9,50,37,15,12,8,6,51,14,20,36,49,19,49,27,26,21,16,29,29,14,12,41,22,27,16,68,13,13,14,18,88,49,66,9,9,216,61,60,30,22,52,53,37,53,48,55,30,101,42,16,9,19,16,37,61,51,9,23,33,30,12,27,29,17,4,18,30,24,34,22,2,6,30,20,7,18,17,26,,,,sp176,175,,208,,238,
,sp177,42,17,32,25,43,16,58,39,28,12,74,21,9,50,37,15,12,8,6,51,14,20,36,49,19,49,27,26,21,16,29,29,14,12,41,22,26,16,68,13,13,14,18,88,49,65,9,9,215,61,60,30,22,51,53,37,53,47,55,30,101,42,16,9,19,16,37,61,51,9,23,33,30,12,26,29,17,4,18,30,24,33,22,2,6,30,19,7,18,17,26,,,,sp177,174,,206,,238,
,sp178,42,16,32,25,43,16,58,39,28,12,74,21,9,49,37,15,12,8,6,51,14,20,35,49,19,49,27,26,21,16,29,29,14,12,41,22,26,16,68,13,13,14,18,88,49,65,9,9,215,61,60,30,22,51,53,36,53,47,55,30,101,42,16,9,19,16,37,61,50,9,23,33,29,12,26,29,17,4,18,29,24,33,22,2,6,30,19,7,18,16,26,,,,sp178,174,,204,,237,
,sp179,42,16,32,25,43,16,58,39,28,12,74,21,9,49,37,15,12,8,6,51,14,20,35,49,19,49,27,25,21,15,29,29,14,12,41,22,26,15,67,13,13,14,18,88,49,65,9,9,215,60,60,30,22,51,53,36,53,47,55,30,101,42,15,9,19,16,37,60,50,9,23,33,29,12,26,29,17,4,18,29,24,33,22,2,6,30,19,7,18,16,26,,,,sp179,174,,203,,237,
,sp180,42,16,32,25,43,16,58,39,28,12,74,21,9,49,37,15,12,8,6,51,14,20,35,48,19,48,27,25,21,15,29,29,14,12,41,22,26,15,67,13,13,14,18,87,49,65,9,9,214,60,60,30,22,51,53,36,53,47,55,30,101,42,15,9,19,16,37,60,50,9,23,33,29,12,26,29,17,4,18,29,24,33,22,2,6,30,19,7,18,16,26,,,,sp180,174,,202,,237,
,sp181,42,16,32,25,43,16,58,39,28,12,74,21,9,49,37,15,12,8,6,51,14,20,35,49,19,49,27,26,21,16,29,29,14,12,41,22,26,16,67,13,13,14,18,88,49,65,9,9,215,61,60,30,22,51,53,36,53,47,55,30,101,42,16,9,19,16,37,61,50,9,23,33,29,12,26,29,17,4,18,29,24,33,22,2,6,30,19,7,18,16,26,,,,sp181,174,,202,,237,
,sp182,42,17,32,25,43,16,58,39,28,12,75,21,9,50,37,15,12,8,6,51,14,20,36,49,19,49,27,26,21,16,29,29,14,12,41,22,27,16,68,13,13,14,18,88,49,66,9,9,216,61,60,30,22,52,53,37,53,48,55,30,101,42,16,9,19,16,37,61,51,9,23,33,30,12,27,29,17,4,18,30,24,34,22,2,6,30,20,7,18,17,26,,,,sp182,174,,202,,237,
,sp183,43,17,33,25,43,16,59,39,28,12,75,21,9,50,38,15,12,8,6,52,14,20,36,49,19,49,28,26,21,16,29,29,14,13,42,22,27,16,69,13,13,14,18,89,50,66,9,9,218,61,61,31,22,52,54,37,54,48,56,31,102,43,16,9,19,17,38,61,51,9,24,33,30,12,27,29,17,4,18,30,24,34,22,2,6,31,20,7,18,17,26,,,,sp183,174,,203,,237,
,sp184,43,17,33,25,44,16,59,40,29,12,76,21,9,51,38,15,12,8,6,52,14,20,36,50,19,50,28,26,22,16,30,30,14,13,42,22,27,16,69,14,14,14,18,90,50,67,10,10,221,62,61,31,22,53,54,37,54,49,57,31,104,43,16,9,19,17,38,62,52,10,24,33,30,12,27,30,18,4,18,30,25,34,22,2,6,31,20,7,19,17,26,,,,sp184,175,,203,,237,
,sp185,44,17,33,26,45,16,60,40,29,12,77,21,9,52,39,15,12,9,6,53,15,21,37,51,20,51,28,27,22,16,30,30,15,13,43,23,27,16,70,14,14,15,19,91,51,68,10,10,224,63,62,32,23,53,55,38,55,49,57,32,105,44,16,9,19,17,39,63,53,10,24,34,31,12,27,30,18,4,19,31,25,35,23,2,6,32,20,7,19,17,27,,,,sp185,175,,203,,237,
,sp186,44,17,34,26,45,17,61,41,30,12,78,22,10,52,39,16,12,9,6,54,15,21,38,51,20,51,29,27,22,16,30,30,15,13,44,23,28,16,71,14,14,15,19,93,52,69,10,10,228,64,63,32,23,54,56,39,56,50,58,32,107,44,16,9,20,17,39,64,53,10,25,35,31,12,28,30,18,4,19,31,25,35,23,2,7,32,21,7,19,17,27,,,,sp186,176,,203,,238,
,sp187,45,18,35,27,46,17,62,42,30,12,80,22,10,53,40,16,12,9,6,55,15,21,38,52,20,52,29,27,23,17,31,31,15,13,44,23,28,17,73,14,14,15,19,94,53,70,10,10,231,65,64,33,23,55,57,39,57,51,59,33,109,45,17,9,20,18,40,65,54,10,25,35,32,13,28,31,18,4,19,32,26,36,23,2,7,33,21,7,20,18,28,,,,sp187,176,,204,,238,
,sp188,46,18,35,27,47,17,63,42,31,13,81,23,10,54,41,16,13,9,6,56,15,22,39,53,21,53,30,28,23,17,31,31,15,14,45,24,29,17,74,14,14,15,20,96,54,71,10,10,235,66,65,33,24,56,58,40,58,52,60,33,110,46,17,9,20,18,41,66,55,10,25,36,32,13,29,31,19,4,20,32,26,37,24,2,7,33,21,7,20,18,28,,,,sp188,177,,204,,238,
,sp189,47,18,36,28,48,17,64,43,31,13,83,23,10,55,41,17,13,9,6,57,16,22,39,54,21,54,30,28,23,17,32,32,16,14,46,24,29,17,75,15,15,16,20,98,54,73,10,10,240,67,67,34,24,57,59,41,59,53,61,34,112,47,17,10,21,18,42,67,56,10,26,36,33,13,29,32,19,4,20,33,27,37,24,2,7,34,22,7,20,18,29,,,,sp189,177,,204,,238,
,sp190,48,19,36,28,49,18,65,44,32,13,84,23,10,56,42,17,13,9,7,58,16,22,40,55,21,55,31,29,24,18,33,33,16,14,47,25,30,18,77,15,15,16,20,99,55,74,11,11,244,69,68,34,25,58,60,41,60,54,62,34,114,47,18,10,21,18,42,69,57,11,26,37,33,13,30,33,19,4,20,33,27,38,25,2,7,34,22,7,21,19,29,,,,sp190,178,,204,,239,
,sp191,48,19,37,28,49,18,66,45,32,13,85,24,10,57,43,17,13,9,7,59,16,23,41,56,22,56,31,29,24,18,33,33,16,14,47,25,30,18,78,15,15,16,21,101,56,75,11,11,248,70,69,35,25,59,61,42,61,55,63,35,116,48,18,10,21,19,43,70,58,11,27,38,34,13,30,33,20,4,21,34,28,38,25,2,7,35,22,8,21,19,29,,,,sp191,178,,205,,239,
,sp192,49,19,38,29,50,18,67,45,33,13,87,24,11,58,43,17,13,10,7,60,16,23,41,57,22,57,32,30,24,18,34,34,16,15,48,25,31,18,79,15,15,16,21,102,57,76,11,11,251,71,70,35,25,60,62,43,62,55,64,35,118,49,18,10,22,19,44,71,59,11,27,38,34,14,31,34,20,5,21,34,28,39,25,2,7,35,23,8,21,19,30,,,,sp192,178,,205,,239,
,sp193,50,20,38,29,51,19,68,46,33,14,88,24,11,59,44,18,14,10,7,61,17,23,42,58,22,58,32,30,25,18,34,34,17,15,49,26,31,18,80,16,16,17,21,104,58,77,11,11,255,72,71,36,26,61,63,43,63,56,65,36,120,50,18,10,22,19,44,72,60,11,28,39,35,14,31,34,20,5,21,35,29,40,26,2,7,36,23,8,21,20,30,,,,sp193,178,,205,,240,
,sp194,51,20,39,30,52,19,69,47,34,14,89,25,11,59,45,18,14,10,7,61,17,24,43,58,23,58,33,31,25,19,35,35,17,15,49,26,32,19,81,16,16,17,21,105,59,78,11,11,258,73,72,36,26,62,63,44,63,57,66,36,121,50,19,10,22,20,45,73,61,11,28,39,35,14,32,35,21,5,21,35,29,40,26,2,7,36,23,8,22,20,31,,,,sp194,177,,205,,240,
,sp195,51,20,39,30,52,19,70,47,34,14,90,25,11,60,45,18,14,10,7,62,17,24,43,59,23,59,33,31,26,19,35,35,17,15,50,27,32,19,82,16,16,17,22,107,60,80,11,11,262,74,73,37,27,62,64,45,64,58,67,37,123,51,19,10,23,20,45,74,62,11,28,40,36,14,32,35,21,5,22,36,29,41,27,2,8,37,24,8,22,20,31,,,,sp195,177,,205,,241,
,sp196,52,20,40,31,53,19,71,48,35,14,92,26,11,61,46,18,14,10,7,63,17,24,44,60,23,60,34,32,26,19,36,36,17,15,51,27,33,19,84,16,16,17,22,109,61,81,12,12,266,75,74,37,27,63,65,45,65,59,68,37,125,52,19,11,23,20,46,75,62,12,29,40,37,14,33,36,21,5,22,37,30,41,27,2,8,37,24,8,22,20,32,,,,sp196,176,,206,,242,
,sp197,53,21,40,31,54,20,73,49,35,15,93,26,11,62,47,19,15,10,7,64,18,25,45,61,24,61,34,32,26,20,36,36,18,16,52,27,33,20,85,17,17,18,22,110,61,82,12,12,270,76,75,38,27,64,66,46,66,60,69,38,127,53,20,11,23,20,47,76,63,12,29,41,37,15,33,36,21,5,22,37,30,42,27,2,8,38,24,8,23,21,32,,,,sp197,175,,206,,243,
,sp198,54,21,41,32,55,20,74,49,36,15,95,26,12,63,47,19,15,11,7,65,18,25,45,62,24,62,35,33,27,20,37,37,18,16,53,28,34,20,86,17,17,18,23,112,62,83,12,12,274,77,76,39,28,65,67,47,67,60,70,39,129,53,20,11,24,21,48,77,64,12,30,42,38,15,34,37,22,5,23,38,31,43,28,2,8,39,25,8,23,21,33,,,,sp198,173,,206,,244,
,sp199,54,21,42,32,56,20,75,50,36,15,96,27,12,64,48,19,15,11,7,66,18,26,46,63,25,63,35,33,27,20,37,37,18,16,53,28,34,20,88,17,17,18,23,114,63,84,12,12,279,78,77,39,28,66,68,47,68,61,71,39,131,54,20,11,24,21,48,78,65,12,30,42,38,15,34,37,22,5,23,38,31,43,28,2,8,39,25,9,23,21,33,,,,sp199,172,,206,,245,
,sp200,55,22,42,33,56,21,76,51,37,15,98,27,12,65,49,20,15,11,8,67,18,26,47,64,25,64,36,34,28,20,38,38,18,16,54,29,35,20,89,17,17,18,23,115,64,86,12,12,283,80,79,40,29,67,69,48,69,62,73,40,133,55,20,11,25,21,49,80,66,12,31,43,39,15,35,38,22,5,23,39,32,44,29,2,8,40,26,9,24,22,34,,,,sp200,171,,206,,247,
,sp201,56,22,43,33,57,21,77,52,37,15,99,28,12,66,50,20,15,11,8,68,19,26,47,65,25,65,36,34,28,21,38,38,19,17,55,29,35,21,90,18,18,19,24,117,65,87,12,12,287,81,80,40,29,68,70,49,70,63,74,40,135,56,21,11,25,22,50,81,67,12,31,44,39,16,35,38,23,5,24,39,32,45,29,2,8,40,26,9,24,22,34,,,,sp201,169,,206,,248,
,sp202,57,22,44,34,58,21,78,52,38,16,101,28,12,67,50,20,16,11,8,69,19,27,48,66,26,66,37,35,28,21,39,39,19,17,56,29,36,21,92,18,18,19,24,119,66,88,13,13,291,82,81,41,29,69,72,49,72,64,75,41,137,57,21,12,25,22,51,82,68,13,32,44,40,16,36,39,23,5,24,40,33,45,29,2,8,41,26,9,25,22,35,,,,sp202,168,,206,,249,
,sp203,58,23,44,34,59,22,79,53,39,16,102,28,12,68,51,20,16,11,8,70,19,27,49,67,26,67,37,35,29,21,40,40,19,17,57,30,36,21,93,18,18,19,25,121,67,90,13,13,296,83,82,42,30,70,73,50,73,65,76,42,139,58,21,12,26,22,51,83,69,13,32,45,41,16,36,40,23,5,25,41,33,46,30,2,9,42,27,9,25,23,35,,,,sp203,166,,207,,250,
,sp204,59,23,45,35,60,22,81,54,39,16,104,29,13,69,52,21,16,12,8,71,20,28,49,68,26,68,38,36,29,22,40,40,20,17,57,30,37,22,94,18,18,20,25,122,68,91,13,13,300,85,83,42,30,72,74,51,74,66,77,42,141,59,22,12,26,23,52,85,70,13,33,46,41,16,37,40,24,5,25,41,34,47,30,2,9,42,27,9,25,23,36,,,,sp204,165,,207,,251,
,sp205,60,23,46,35,61,22,82,55,40,16,105,29,13,70,53,21,16,12,8,72,20,28,50,69,27,69,39,36,30,22,41,41,20,18,58,31,37,22,96,19,19,20,25,124,69,92,13,13,305,86,85,43,31,73,75,52,75,67,78,43,143,59,22,12,26,23,53,86,71,13,33,46,42,16,37,41,24,5,25,42,34,47,31,2,9,43,27,9,26,23,36,,,,sp205,164,,206,,253,
,sp206,60,24,46,36,62,23,83,56,40,17,107,30,13,71,53,21,17,12,8,74,20,28,51,70,27,70,39,37,30,22,41,41,20,18,59,31,38,22,97,19,19,20,26,126,70,94,13,13,309,87,86,44,31,74,76,53,76,68,79,44,145,60,22,12,27,23,54,87,73,13,34,47,42,17,38,41,25,6,26,42,35,48,31,2,9,44,28,9,26,24,37,,,,sp206,163,,205,,254,
,sp207,61,24,47,36,63,23,84,57,41,17,108,30,13,72,54,22,17,12,8,75,20,29,52,71,28,71,40,37,31,23,42,42,20,18,60,32,39,23,99,19,19,20,26,128,72,95,14,14,314,89,87,44,32,75,77,53,77,69,81,44,148,61,23,12,27,24,54,89,74,14,34,48,43,17,39,42,25,6,26,43,35,49,32,2,9,44,28,10,27,24,37,,,,sp207,161,,203,,255,
,sp208,62,24,48,37,64,23,86,58,42,17,110,31,13,73,55,22,17,12,9,76,21,29,53,72,28,72,40,38,31,23,43,43,21,18,61,32,39,23,100,20,20,21,27,130,73,97,14,14,320,90,89,45,32,76,78,54,78,70,82,45,150,62,23,13,28,24,55,90,75,14,35,48,44,17,39,43,25,6,27,44,36,50,32,2,9,45,29,10,27,24,38,,,,sp208,160,,201,,257,
,sp209,63,25,49,37,65,24,87,58,42,17,112,31,14,75,56,22,17,12,9,77,21,30,54,73,29,73,41,39,32,23,43,43,21,19,62,33,40,23,102,20,20,21,27,132,74,98,14,14,325,91,90,46,33,77,80,55,80,72,83,46,152,63,23,13,28,25,56,91,76,14,35,49,45,18,40,43,26,6,27,45,36,50,33,2,9,46,29,10,27,25,39,,,,sp209,158,,199,,258,
,sp210,64,25,49,38,66,24,89,59,43,18,114,32,14,76,57,23,18,13,9,78,21,30,54,75,29,75,42,39,32,24,44,44,21,19,63,33,40,24,104,20,20,21,27,135,75,100,14,14,330,93,92,46,33,79,81,56,81,73,85,46,155,64,24,13,29,25,57,93,77,14,36,50,45,18,40,44,26,6,27,45,37,51,33,2,10,46,30,10,28,25,39,,,,sp210,157,,196,,260,
,sp211,65,26,50,39,67,24,90,60,44,18,116,32,14,77,58,23,18,13,9,80,22,31,55,76,30,76,42,40,33,24,45,45,22,19,64,34,41,24,105,21,21,22,28,137,76,102,15,15,335,94,93,47,34,80,82,57,82,74,86,47,157,65,24,13,29,25,58,94,79,15,36,51,46,18,41,45,27,6,28,46,37,52,34,2,10,47,30,10,28,26,40,,,,sp211,155,,194,,261,
,sp212,66,26,51,39,68,25,91,61,44,18,117,33,14,78,59,23,18,13,9,81,22,31,56,77,30,77,43,40,33,25,45,45,22,20,65,34,42,25,107,21,21,22,28,139,77,103,15,15,340,96,94,48,34,81,83,58,83,75,87,48,159,66,25,13,29,26,59,96,80,15,37,52,47,18,42,45,27,6,28,47,38,53,34,2,10,48,31,10,29,26,40,,,,sp212,154,,191,,263,
,sp213,67,26,51,40,69,25,92,62,45,18,119,33,15,79,59,24,18,13,9,82,22,32,57,78,30,78,44,41,34,25,46,46,22,20,66,35,42,25,108,21,21,22,29,140,78,104,15,15,344,97,96,48,35,82,85,58,85,76,88,48,162,67,25,14,30,26,60,97,81,15,37,52,47,19,42,46,27,6,29,47,39,53,35,2,10,48,31,11,29,26,41,,,,sp213,153,,189,,264,
,sp214,68,27,52,40,69,25,93,63,45,19,120,33,15,80,60,24,19,13,9,83,23,32,57,79,31,79,44,41,34,25,47,47,23,20,67,35,43,25,109,21,21,23,29,142,79,106,15,15,348,98,97,49,35,83,86,59,86,77,89,49,164,68,25,14,30,26,60,98,82,15,38,53,48,19,43,47,28,6,29,48,39,54,35,3,10,49,31,11,29,27,42,,,,sp214,152,,187,,265,
,sp215,69,27,53,40,70,26,94,63,46,19,121,34,15,81,61,24,19,13,9,84,23,32,58,80,31,80,45,42,34,25,47,47,23,20,67,36,43,25,111,22,22,23,29,144,80,107,15,15,352,99,98,50,36,84,86,60,86,78,90,50,165,69,25,14,31,27,61,99,83,15,38,53,48,19,43,47,28,6,29,48,39,55,36,3,10,50,32,11,30,27,42,,,,sp215,152,,186,,266,
,sp216,69,27,53,41,71,26,95,64,46,19,123,34,15,82,61,25,19,14,10,84,23,33,59,80,31,80,45,42,35,26,47,47,23,21,68,36,44,26,112,22,22,23,29,145,81,108,15,15,355,100,99,50,36,85,87,60,87,78,91,50,167,69,26,14,31,27,62,100,83,15,38,54,49,19,44,47,28,6,29,49,40,55,36,3,10,50,32,11,30,27,42,,,,sp216,152,,186,,267,
,sp217,70,27,54,41,71,26,96,64,47,19,124,34,15,82,62,25,19,14,10,85,23,33,59,81,32,81,45,43,35,26,48,48,23,21,69,36,44,26,112,22,22,23,30,146,81,109,16,16,358,101,100,50,36,85,88,61,88,79,92,50,168,70,26,14,31,27,62,101,84,16,39,54,49,19,44,48,28,6,30,49,40,56,36,3,10,50,32,11,30,27,43,,,,sp217,152,,186,,267,
,sp218,71,28,54,42,72,26,97,65,47,19,125,35,15,83,62,25,19,14,10,86,24,33,59,82,32,82,46,43,35,26,48,48,23,21,69,36,44,26,113,22,22,23,30,147,82,109,16,16,361,102,100,51,36,86,89,61,89,79,93,51,169,70,26,14,31,27,63,102,85,16,39,55,50,20,44,48,29,7,30,50,40,56,36,3,10,51,33,11,30,28,43,,,,sp218,152,,186,,268,
,sp219,71,28,54,42,73,26,98,66,47,20,125,35,15,84,63,25,20,14,10,86,24,33,60,82,32,82,46,43,35,26,49,49,24,21,70,37,45,26,114,22,22,24,30,148,83,110,16,16,364,102,101,51,37,87,89,62,89,80,93,51,171,71,26,14,32,28,63,102,85,16,39,55,50,20,45,49,29,7,30,50,41,56,37,3,11,51,33,11,31,28,43,,,,sp219,153,,186,,268,
,sp220,72,28,55,42,73,27,98,66,48,20,126,35,15,84,63,25,20,14,10,87,24,34,60,83,32,83,46,44,36,26,49,49,24,21,70,37,45,26,115,22,22,24,30,150,83,111,16,16,367,103,102,52,37,87,90,62,90,81,94,52,172,71,26,15,32,28,64,103,86,16,40,56,50,20,45,49,29,7,30,50,41,57,37,3,11,52,33,11,31,28,44,,,,sp220,154,,186,,269,
,sp221,72,28,55,42,74,27,99,67,48,20,127,35,16,85,64,25,20,14,10,88,24,34,61,83,33,83,47,44,36,27,49,49,24,21,71,37,45,27,116,23,23,24,31,151,84,112,16,16,369,104,103,52,37,88,91,63,91,81,95,52,173,72,27,15,32,28,64,104,87,16,40,56,51,20,45,49,29,7,31,51,41,57,37,3,11,52,33,11,31,28,44,,,,sp221,155,,185,,269,
,sp222,73,28,56,43,74,27,100,67,48,20,128,36,16,85,64,26,20,14,10,88,24,34,61,84,33,84,47,44,36,27,50,50,24,21,71,38,46,27,117,23,23,24,31,152,85,113,16,16,372,105,103,52,38,89,91,63,91,82,95,52,174,72,27,15,32,28,64,105,87,16,40,56,51,20,46,50,30,7,31,51,42,58,38,3,11,52,34,11,31,28,44,,,,sp222,156,,185,,270,
,sp223,73,29,56,43,75,27,100,67,49,20,129,36,16,86,64,26,20,14,10,89,24,34,62,85,33,85,47,44,36,27,50,50,24,22,72,38,46,27,117,23,23,24,31,153,85,113,16,16,374,105,104,53,38,89,92,63,92,82,96,53,176,73,27,15,32,28,65,105,88,16,41,57,51,20,46,50,30,7,31,51,42,58,38,3,11,53,34,11,32,29,45,,,,sp223,157,,185,,270,
,sp224,73,29,56,43,75,27,101,68,49,20,130,36,16,86,65,26,20,14,10,89,24,35,62,85,33,85,48,45,37,27,50,50,24,22,72,38,46,27,118,23,23,24,31,153,85,114,16,16,376,106,104,53,38,90,92,64,92,83,96,53,176,73,27,15,33,28,65,106,88,16,41,57,52,20,46,50,30,7,31,52,42,58,38,3,11,53,34,12,32,29,45,,,,sp224,159,,185,,270,
,sp225,74,29,56,43,75,27,101,68,49,20,130,36,16,87,65,26,20,14,10,90,25,35,62,85,33,85,48,45,37,27,50,50,25,22,72,38,46,27,119,23,23,25,31,154,86,114,16,16,377,106,105,53,38,90,93,64,93,83,97,53,177,74,27,15,33,29,65,106,89,16,41,57,52,20,46,50,30,7,31,52,42,59,38,3,11,53,34,12,32,29,45,,,,sp225,160,,185,,271,
,sp226,74,29,57,44,75,28,102,68,49,20,131,36,16,87,65,26,20,15,10,90,25,35,62,86,33,86,48,45,37,27,51,51,25,22,72,38,46,27,119,23,23,25,31,154,86,115,16,16,379,107,105,53,38,90,93,64,93,83,97,53,178,74,27,15,33,29,66,107,89,16,41,57,52,21,46,51,30,7,31,52,42,59,38,3,11,53,34,12,32,29,45,,,,sp226,162,,185,,271,
,sp227,74,29,57,44,76,28,102,68,49,20,131,36,16,87,65,26,20,15,10,90,25,35,63,86,33,86,48,45,37,27,51,51,25,22,73,38,47,27,119,23,23,25,32,155,86,115,16,16,379,107,105,53,38,90,93,64,93,84,97,53,178,74,27,15,33,29,66,107,89,16,41,58,52,21,47,51,30,7,32,52,42,59,38,3,11,53,34,12,32,29,45,,,,sp227,163,,185,,272,
,sp228,74,29,57,44,76,28,102,68,49,20,131,36,16,87,65,26,20,15,10,90,25,35,63,86,33,86,48,45,37,27,51,51,25,22,73,38,47,27,119,23,23,25,32,155,86,115,16,16,380,107,106,53,38,90,93,64,93,84,97,53,178,74,27,15,33,29,66,107,89,16,41,58,52,21,47,51,30,7,32,52,42,59,38,3,11,53,34,12,32,29,45,,,,sp228,164,,185,,272,
,sp229,74,29,57,44,76,28,102,68,49,20,131,36,16,87,65,26,20,15,10,90,25,35,63,86,33,86,48,45,37,27,51,51,25,22,73,38,47,27,119,23,23,25,32,155,86,115,16,16,380,107,106,53,38,90,93,64,93,84,97,53,178,74,27,15,33,29,66,107,89,16,41,58,52,21,47,51,30,7,32,52,42,59,38,3,11,53,34,12,32,29,45,,,,sp229,166,,186,,273,
,sp230,74,29,57,44,76,28,102,68,49,20,131,36,16,87,65,26,20,15,10,90,25,35,63,86,33,86,48,45,37,27,51,51,25,22,73,38,47,27,119,23,23,25,32,155,86,115,16,16,380,107,105,53,38,90,93,64,93,84,97,53,178,74,27,15,33,29,66,107,89,16,41,58,52,21,47,51,30,7,32,52,42,59,38,3,11,53,34,12,32,29,45,,,,sp230,168,,187,,273,
,sp231,74,29,57,44,76,28,102,68,49,20,131,36,16,87,65,26,20,15,10,90,25,35,63,86,33,86,48,45,37,27,51,51,25,22,73,38,47,27,119,23,23,25,31,155,86,115,16,16,379,107,105,53,38,90,93,64,93,84,97,53,178,74,27,15,33,29,66,107,89,16,41,58,52,21,47,51,30,7,31,52,42,59,38,3,11,53,34,12,32,29,45,,,,sp231,171,,189,,274,
,sp232,74,29,57,44,76,28,102,68,49,20,131,36,16,87,65,26,20,15,10,90,25,35,62,86,33,86,48,45,37,27,51,51,25,22,73,38,47,27,119,23,23,25,31,155,86,115,16,16,379,107,105,53,38,90,93,64,93,83,97,53,178,74,27,15,33,29,66,107,89,16,41,57,52,21,47,51,30,7,31,52,42,59,38,3,11,53,34,12,32,29,45,,,,sp232,173,,192,,275,
,sp233,74,29,57,44,75,28,102,68,49,20,131,36,16,87,65,26,20,15,10,90,25,35,62,86,33,86,48,45,37,27,51,51,25,22,72,38,46,27,119,23,23,25,31,154,86,115,16,16,378,107,105,53,38,90,93,64,93,83,97,53,178,74,27,15,33,29,66,107,89,16,41,57,52,20,46,51,30,7,31,52,42,59,38,3,11,53,34,12,32,29,45,,,,sp233,176,,196,,276,
,sp234,74,29,56,43,75,28,101,68,49,20,130,36,16,87,65,26,20,14,10,90,25,35,62,85,33,85,48,45,37,27,50,50,25,22,72,38,46,27,119,23,23,25,31,154,86,115,16,16,378,106,105,53,38,90,93,64,93,83,97,53,177,74,27,15,33,29,65,106,89,16,41,57,52,20,46,50,30,7,31,52,42,59,38,3,11,53,34,12,32,29,45,,,,sp234,179,,199,,276,
,sp235,74,29,56,43,75,27,101,68,49,20,130,36,16,87,65,26,20,14,10,90,25,35,62,85,33,85,48,45,37,27,50,50,25,22,72,38,46,27,119,23,23,25,31,154,86,114,16,16,377,106,105,53,38,90,93,64,93,83,97,53,177,74,27,15,33,29,65,106,89,16,41,57,52,20,46,50,30,7,31,52,42,59,38,3,11,53,34,12,32,29,45,,,,sp235,182,,204,,277,
,sp236,74,29,56,43,75,27,101,68,49,20,130,36,16,87,65,26,20,14,10,90,25,35,62,85,33,85,48,45,37,27,50,50,24,22,72,38,46,27,118,23,23,24,31,154,86,114,16,16,377,106,105,53,38,90,92,64,92,83,97,53,177,73,27,15,33,29,65,106,88,16,41,57,52,20,46,50,30,7,31,52,42,58,38,3,11,53,34,12,32,29,45,,,,sp236,184,,208,,278,
,sp237,73,29,56,43,75,27,101,68,49,20,130,36,16,86,65,26,20,14,10,89,25,35,62,85,33,85,48,45,37,27,50,50,24,22,72,38,46,27,118,23,23,24,31,153,86,114,16,16,376,106,105,53,38,90,92,64,92,83,96,53,176,73,27,15,33,29,65,106,88,16,41,57,52,20,46,50,30,7,31,52,42,58,38,3,11,53,34,12,32,29,45,,,,sp237,187,,213,,279,
,sp238,73,29,56,43,75,27,101,68,49,20,129,36,16,86,65,26,20,14,10,89,24,35,62,85,33,85,47,45,37,27,50,50,24,22,72,38,46,27,118,23,23,24,31,153,85,114,16,16,375,106,104,53,38,89,92,64,92,83,96,53,176,73,27,15,33,28,65,106,88,16,41,57,51,20,46,50,30,7,31,51,42,58,38,3,11,53,34,12,32,29,45,,,,sp238,189,,217,,281,
,sp239,73,29,56,43,75,27,100,67,49,20,129,36,16,86,65,26,20,14,10,89,24,34,62,85,33,85,47,44,36,27,50,50,24,22,72,38,46,27,118,23,23,24,31,153,85,114,16,16,374,105,104,53,38,89,92,64,92,82,96,53,176,73,27,15,32,28,65,105,88,16,41,57,51,20,46,50,30,7,31,51,42,58,38,3,11,53,34,11,32,29,45,,,,sp239,191,,222,,282,
,sp240,73,29,56,43,74,27,100,67,49,20,129,36,16,86,64,26,20,14,10,89,24,34,62,84,33,84,47,44,36,27,50,50,24,22,71,38,46,27,117,23,23,24,31,152,85,113,16,16,374,105,104,53,38,89,92,63,92,82,96,53,175,73,27,15,32,28,65,105,88,16,40,57,51,20,46,50,30,7,31,51,42,58,38,3,11,53,34,11,31,29,45,,,,sp240,192,,226,,284,
,sp241,73,29,56,43,74,27,100,67,49,20,128,36,16,86,64,26,20,14,10,88,24,34,61,84,33,84,47,44,36,27,50,50,24,22,71,38,46,27,117,23,23,24,31,152,85,113,16,16,372,105,104,52,38,89,91,63,91,82,95,52,175,73,27,15,32,28,65,105,87,16,40,56,51,20,46,50,30,7,31,51,42,58,38,3,11,52,34,11,31,29,44,,,,sp241,192,,231,,286,
,sp242,72,28,55,43,74,27,99,67,48,20,128,36,16,85,64,26,20,14,10,88,24,34,61,84,33,84,47,44,36,27,50,50,24,21,71,37,45,27,116,23,23,24,31,151,84,112,16,16,371,104,103,52,37,88,91,63,91,82,95,52,174,72,27,15,32,28,64,104,87,16,40,56,51,20,45,50,29,7,31,51,41,58,37,3,11,52,33,11,31,28,44,,,,sp242,193,,236,,289,
,sp243,72,28,55,42,73,27,99,66,48,20,127,35,16,85,64,25,20,14,10,88,24,34,61,83,32,83,47,44,36,27,49,49,24,21,70,37,45,27,116,23,23,24,31,150,84,112,16,16,368,104,102,52,37,88,90,63,90,81,94,52,173,72,27,15,32,28,64,104,86,16,40,56,51,20,45,49,29,7,31,51,41,57,37,3,11,52,33,11,31,28,44,,,,sp243,193,,242,,292,
,sp244,71,28,55,42,73,27,98,66,48,20,126,35,15,84,63,25,20,14,10,87,24,34,60,83,32,83,46,43,36,26,49,49,24,21,70,37,45,26,115,22,22,24,30,149,83,111,16,16,366,103,102,51,37,87,90,62,90,81,94,51,172,71,26,15,32,28,63,103,86,16,40,55,50,20,45,49,29,7,30,50,41,57,37,3,11,51,33,11,31,28,44,,,,sp244,194,,248,,297,
,sp245,71,28,54,42,72,26,97,65,47,19,125,35,15,83,63,25,19,14,10,86,24,33,60,82,32,82,46,43,35,26,48,48,24,21,69,37,45,26,114,22,22,24,30,148,82,110,16,16,363,102,101,51,37,86,89,62,89,80,93,51,170,71,26,14,31,27,63,102,85,16,39,55,50,20,45,48,29,7,30,50,41,56,37,3,10,51,33,11,31,28,43,,,,sp245,194,,254,,302,
,sp246,70,28,54,41,72,26,96,65,47,19,124,34,15,83,62,25,19,14,10,85,23,33,59,81,32,81,45,43,35,26,48,48,23,21,69,36,44,26,113,22,22,23,30,147,82,109,16,16,359,101,100,51,36,86,88,61,88,79,92,51,169,70,26,14,31,27,62,101,84,16,39,54,49,19,44,48,29,6,30,49,40,56,36,3,10,51,32,11,30,28,43,,,,sp246,195,,260,,307,
,sp247,69,27,53,41,71,26,95,64,46,19,123,34,15,82,61,25,19,14,10,84,23,33,59,80,31,80,45,42,35,26,47,47,23,21,68,36,44,26,112,22,22,23,30,145,81,108,15,15,356,100,99,50,36,85,87,60,87,78,91,50,167,69,26,14,31,27,62,100,83,15,39,54,49,19,44,47,28,6,30,49,40,55,36,3,10,50,32,11,30,27,42,,,,sp247,195,,266,,313,
,sp248,69,27,53,40,70,26,94,63,46,19,121,34,15,81,61,24,19,13,9,84,23,32,58,80,31,80,44,42,34,25,47,47,23,20,67,36,43,25,111,22,22,23,29,144,80,107,15,15,352,99,98,50,36,84,86,60,86,77,90,50,165,69,25,14,30,27,61,99,83,15,38,53,48,19,43,47,28,6,29,48,39,55,36,3,10,50,32,11,30,27,42,,,,sp248,195,,272,,318,
,sp249,68,27,52,40,69,25,93,63,45,19,120,33,15,80,60,24,19,13,9,83,23,32,57,79,31,79,44,41,34,25,46,46,23,20,67,35,43,25,109,21,21,23,29,142,79,106,15,15,348,98,97,49,35,83,85,59,85,77,89,49,163,68,25,14,30,26,60,98,82,15,38,53,48,19,43,46,28,6,29,48,39,54,35,3,10,49,31,11,29,27,41,,,,sp249,196,,278,,324,
,sp250,67,26,51,40,69,25,92,62,45,18,119,33,15,79,59,24,18,13,9,82,22,32,57,78,30,78,44,41,34,25,46,46,22,20,66,35,42,25,108,21,21,22,29,140,78,104,15,15,344,97,96,48,35,82,85,58,85,76,88,48,162,67,25,14,30,26,60,97,81,15,37,52,47,19,42,46,27,6,29,47,39,53,35,2,10,48,31,11,29,26,41,,,,sp250,196,,282,,329,
,sp251,67,26,51,39,68,25,91,61,44,18,117,33,14,78,59,23,18,13,9,81,22,31,56,77,30,77,43,40,33,25,45,45,22,20,65,34,42,25,107,21,21,22,28,139,77,103,15,15,340,96,95,48,34,81,84,58,84,75,87,48,160,66,25,14,29,26,59,96,80,15,37,52,47,18,42,45,27,6,28,47,38,53,34,2,10,48,31,10,29,26,41,,,,sp251,197,,286,,334,
,sp252,66,26,50,39,67,25,90,61,44,18,116,32,14,77,58,23,18,13,9,80,22,31,56,76,30,76,43,40,33,24,45,45,22,19,64,34,41,24,106,21,21,22,28,137,77,102,15,15,337,95,94,47,34,80,83,57,83,74,86,47,158,66,24,13,29,26,58,95,79,15,36,51,46,18,41,45,27,6,28,46,38,52,34,2,10,47,30,10,28,26,40,,,,sp252,197,,289,,338,
,sp253,65,26,50,38,66,24,89,60,43,18,115,32,14,77,57,23,18,13,9,79,22,31,55,75,29,75,42,40,32,24,45,45,22,19,64,34,41,24,105,20,20,22,28,136,76,101,14,14,333,94,93,47,34,79,82,57,82,73,85,47,156,65,24,13,29,25,58,94,78,14,36,51,46,18,41,45,26,6,28,46,37,52,34,2,10,47,30,10,28,26,40,,,,sp253,198,,292,,342,
,sp254,64,25,49,38,66,24,88,59,43,18,114,32,14,76,57,23,18,13,9,78,21,30,54,74,29,74,42,39,32,24,44,44,21,19,63,33,40,24,103,20,20,21,27,134,75,100,14,14,329,93,91,46,33,78,81,56,81,72,84,46,154,64,24,13,29,25,57,93,77,14,36,50,45,18,40,44,26,6,27,45,37,51,33,2,10,46,30,10,28,25,39,,,,sp254,199,,294,,346,
,sp255,63,25,49,37,65,24,87,59,42,17,112,31,14,75,56,22,17,12,9,77,21,30,54,73,29,73,41,39,32,23,43,43,21,19,62,33,40,23,102,20,20,21,27,133,74,99,14,14,325,91,90,46,33,77,80,55,80,72,83,46,152,63,23,13,28,25,56,91,76,14,35,49,45,18,40,43,26,6,27,45,36,50,33,2,9,46,29,10,27,25,39,,,,sp255,200,,296,,350,
,sp256,63,25,48,37,64,23,86,58,42,17,111,31,14,74,55,22,17,12,9,76,21,29,53,72,28,72,41,38,31,23,43,43,21,19,61,32,39,23,101,20,20,21,27,131,73,97,14,14,320,90,89,45,32,76,79,54,79,71,82,45,150,62,23,13,28,24,56,90,75,14,35,49,44,17,39,43,25,6,27,44,36,50,32,2,9,45,29,10,27,25,38,,,,sp256,201,,299,,354,
,sp257,62,24,47,36,63,23,85,57,41,17,109,30,13,73,54,22,17,12,8,75,21,29,52,71,28,71,40,38,31,23,42,42,21,18,60,32,39,23,99,19,19,21,26,129,72,96,14,14,316,89,88,44,32,75,78,54,78,70,81,44,148,62,23,13,27,24,55,89,74,14,34,48,43,17,39,42,25,6,26,43,35,49,32,2,9,44,29,10,27,24,38,,,,sp257,202,,301,,358,
,sp258,61,24,47,36,62,23,83,56,41,17,107,30,13,72,54,21,17,12,8,74,20,29,51,70,27,70,39,37,30,22,42,42,20,18,60,31,38,22,98,19,19,20,26,127,71,94,13,13,311,88,87,44,31,74,76,53,76,69,80,44,146,61,22,12,27,24,54,88,73,13,34,47,43,17,38,42,25,6,26,43,35,48,31,2,9,44,28,10,26,24,37,,,,sp258,204,,303,,362,
,sp259,60,24,46,35,61,22,82,55,40,16,106,29,13,71,53,21,16,12,8,73,20,28,51,69,27,69,39,36,30,22,41,41,20,18,59,31,38,22,96,19,19,20,25,125,70,93,13,13,307,86,85,43,31,73,75,52,75,68,79,43,144,60,22,12,27,23,53,86,72,13,33,47,42,17,38,41,24,6,25,42,34,48,31,2,9,43,28,9,26,24,37,,,,sp259,205,,304,,366,
,sp260,59,23,45,35,60,22,81,54,39,16,104,29,13,70,52,21,16,12,8,72,20,28,50,68,27,68,38,36,29,22,40,40,20,17,58,31,37,22,95,19,19,20,25,123,69,92,13,13,302,85,84,43,31,72,74,51,74,67,77,43,142,59,22,12,26,23,52,85,71,13,33,46,41,16,37,40,24,5,25,41,34,47,31,2,9,43,27,9,25,23,36,,,,sp260,207,,306,,370,
,sp261,58,23,45,34,59,22,80,54,39,16,103,29,13,69,51,21,16,11,8,71,19,27,49,67,26,67,38,35,29,22,40,40,19,17,57,30,37,22,94,18,18,19,25,122,68,90,13,13,298,84,83,42,30,71,73,51,73,66,76,42,140,58,22,12,26,23,52,84,70,13,32,45,41,16,37,40,24,5,25,41,33,46,30,2,9,42,27,9,25,23,36,,,,sp261,209,,307,,373,
,sp262,58,23,44,34,59,21,79,53,38,16,102,28,12,68,51,20,16,11,8,70,19,27,49,67,26,67,37,35,29,21,39,39,19,17,56,30,36,21,92,18,18,19,24,120,67,89,13,13,294,83,82,41,30,70,72,50,72,65,75,41,138,57,21,12,26,22,51,83,69,13,32,45,40,16,36,39,23,5,24,40,33,46,30,2,9,41,27,9,25,23,35,,,,sp262,211,,308,,377,
,sp263,57,22,43,33,58,21,78,52,38,16,100,28,12,67,50,20,16,11,8,69,19,27,48,66,26,66,37,35,28,21,39,39,19,17,56,29,36,21,91,18,18,19,24,119,66,88,13,13,291,82,81,41,29,69,71,49,71,64,75,41,137,57,21,12,25,22,50,82,68,13,32,44,40,16,36,39,23,5,24,40,33,45,29,2,8,41,26,9,25,22,35,,,,sp263,212,,308,,380,
,sp264,56,22,43,33,57,21,77,52,38,15,99,28,12,66,50,20,15,11,8,68,19,26,47,65,25,65,36,34,28,21,38,38,19,17,55,29,35,21,90,18,18,19,24,117,65,87,12,12,288,81,80,41,29,69,71,49,71,63,74,41,135,56,21,11,25,22,50,81,68,12,31,44,39,16,35,38,23,5,24,39,32,45,29,2,8,41,26,9,24,22,34,,,,sp264,214,,308,,383,
,sp265,56,22,43,33,57,21,77,51,37,15,98,27,12,66,49,20,15,11,8,68,19,26,47,64,25,64,36,34,28,21,38,38,19,16,55,29,35,21,90,18,18,19,24,116,65,87,12,12,285,80,79,40,29,68,70,48,70,63,73,40,134,56,21,11,25,22,49,80,67,12,31,43,39,15,35,38,23,5,24,39,32,44,29,2,8,40,26,9,24,22,34,,,,sp265,217,,308,,386,
,sp266,55,22,42,33,56,21,76,51,37,15,98,27,12,65,49,20,15,11,8,67,18,26,47,64,25,64,36,34,28,20,38,38,18,16,54,29,35,20,89,17,17,18,23,115,64,86,12,12,283,80,79,40,29,67,69,48,69,62,72,40,133,55,20,11,25,21,49,80,66,12,31,43,39,15,35,38,22,5,23,39,32,44,29,2,8,40,26,9,24,22,34,,,,sp266,220,,308,,389,
,sp267,55,21,42,32,56,20,75,51,37,15,97,27,12,64,48,19,15,11,8,67,18,26,46,63,25,63,35,33,27,20,37,37,18,16,54,28,34,20,88,17,17,18,23,114,64,85,12,12,280,79,78,39,28,67,69,48,69,62,72,39,132,55,20,11,24,21,49,79,66,12,30,43,38,15,34,37,22,5,23,38,31,44,28,2,8,39,25,9,24,21,33,,,,sp267,223,,307,,392,
,sp268,54,21,42,32,55,20,75,50,36,15,96,27,12,64,48,19,15,11,7,66,18,26,46,63,25,63,35,33,27,20,37,37,18,16,53,28,34,20,87,17,17,18,23,114,63,84,12,12,278,78,77,39,28,66,68,47,68,61,71,39,131,54,20,11,24,21,48,78,65,12,30,42,38,15,34,37,22,5,23,38,31,43,28,2,8,39,25,9,23,21,33,,,,sp268,227,,306,,395,
,sp269,54,21,41,32,55,20,74,50,36,15,95,26,12,64,48,19,15,11,7,66,18,25,46,62,24,62,35,33,27,20,37,37,18,16,53,28,34,20,87,17,17,18,23,113,63,84,12,12,276,78,77,39,28,66,68,47,68,61,71,39,130,54,20,11,24,21,48,78,65,12,30,42,38,15,34,37,22,5,23,38,31,43,28,2,8,39,25,8,23,21,33,,,,sp269,231,,304,,398,
,sp270,54,21,41,32,55,20,74,49,36,15,95,26,12,63,47,19,15,11,7,65,18,25,45,62,24,62,35,33,27,20,37,37,18,16,52,28,34,20,86,17,17,18,23,112,62,83,12,12,274,77,76,39,28,65,67,47,67,60,70,39,129,53,20,11,24,21,48,77,64,12,30,42,38,15,34,37,22,5,23,38,31,43,28,2,8,39,25,8,23,21,33,,,,sp270,235,,303,,400,
,sp271,53,21,41,31,54,20,73,49,35,15,94,26,11,63,47,19,15,10,7,65,18,25,45,62,24,62,34,32,27,20,36,36,18,16,52,28,33,20,86,17,17,18,23,111,62,83,12,12,272,77,76,38,28,65,67,46,67,60,70,38,128,53,20,11,24,21,47,77,64,12,29,41,37,15,33,36,22,5,23,37,30,42,28,2,8,38,25,8,23,21,32,,,,sp271,239,,301,,403,
,sp272,53,21,40,31,54,20,73,49,35,15,93,26,11,62,47,19,15,10,7,64,18,25,45,61,24,61,34,32,26,20,36,36,18,16,52,27,33,20,85,17,17,18,22,110,62,82,12,12,270,76,75,38,27,64,66,46,66,60,69,38,127,53,20,11,23,21,47,76,63,12,29,41,37,15,33,36,21,5,22,37,30,42,27,2,8,38,24,8,23,21,32,,,,sp272,243,,299,,406,
,sp273,53,21,40,31,54,20,72,48,35,14,93,26,11,62,46,19,14,10,7,64,18,25,44,61,24,61,34,32,26,19,36,36,17,16,51,27,33,19,84,16,16,17,22,110,61,81,12,12,269,76,75,38,27,64,66,46,66,59,69,38,126,52,19,11,23,20,47,76,63,12,29,41,37,15,33,36,21,5,22,37,30,42,27,2,8,38,24,8,23,21,32,,,,sp273,247,,297,,408,
,sp274,52,20,40,31,53,19,72,48,35,14,92,26,11,61,46,18,14,10,7,63,17,25,44,60,24,60,34,32,26,19,36,36,17,15,51,27,33,19,84,16,16,17,22,109,61,81,12,12,267,75,74,38,27,64,66,45,66,59,68,38,125,52,19,11,23,20,46,75,63,12,29,40,37,14,33,36,21,5,22,37,30,41,27,2,8,38,24,8,22,20,32,,,,sp274,251,,295,,410,
,sp275,52,20,40,30,53,19,71,48,35,14,91,25,11,61,46,18,14,10,7,63,17,24,44,60,23,60,34,32,26,19,35,35,17,15,51,27,33,19,83,16,16,17,22,108,60,80,11,11,265,75,74,37,27,63,65,45,65,58,68,37,124,52,19,11,23,20,46,75,62,11,29,40,36,14,33,35,21,5,22,36,30,41,27,2,8,37,24,8,22,20,32,,,,sp275,254,,293,,413,
,sp276,51,20,39,30,52,19,71,47,34,14,91,25,11,61,45,18,14,10,7,63,17,24,43,60,23,60,33,31,26,19,35,35,17,15,50,27,32,19,83,16,16,17,22,107,60,80,11,11,263,74,73,37,27,63,65,45,65,58,68,37,124,51,19,10,23,20,46,74,62,11,29,40,36,14,32,35,21,5,22,36,29,41,27,2,8,37,24,8,22,20,31,,,,sp276,257,,291,,415,
,sp277,51,20,39,30,52,19,70,47,34,14,90,25,11,60,45,18,14,10,7,62,17,24,43,59,23,59,33,31,26,19,35,35,17,15,50,26,32,19,82,16,16,17,22,107,60,79,11,11,262,74,73,37,26,62,64,44,64,58,67,37,123,51,19,10,23,20,45,74,61,11,28,40,36,14,32,35,21,5,22,36,29,41,26,2,8,37,24,8,22,20,31,,,,sp277,259,,289,,417,
,sp278,51,20,39,30,52,19,70,47,34,14,90,25,11,60,45,18,14,10,7,62,17,24,43,59,23,59,33,31,25,19,35,35,17,15,50,26,32,19,82,16,16,17,22,106,59,79,11,11,260,73,72,37,26,62,64,44,64,57,67,37,122,51,19,10,23,20,45,73,61,11,28,39,36,14,32,35,21,5,22,36,29,40,26,2,8,37,23,8,22,20,31,,,,sp278,262,,286,,419,
,sp279,50,20,39,30,51,19,69,47,34,14,89,25,11,59,45,18,14,10,7,61,17,24,43,58,23,58,33,31,25,19,35,35,17,15,49,26,32,19,81,16,16,17,21,105,59,78,11,11,258,73,72,36,26,62,63,44,63,57,66,36,121,50,19,10,22,20,45,73,61,11,28,39,35,14,32,35,21,5,21,35,29,40,26,2,7,36,23,8,22,20,31,,,,sp279,264,,284,,421,
,sp280,50,20,38,30,51,19,69,46,33,14,89,25,11,59,44,18,14,10,7,61,17,24,42,58,23,58,32,30,25,19,34,34,17,15,49,26,32,19,81,16,16,17,21,105,58,78,11,11,257,72,71,36,26,61,63,44,63,57,66,36,120,50,19,10,22,19,44,72,60,11,28,39,35,14,32,34,20,5,21,35,29,40,26,2,7,36,23,8,22,20,31,,,,sp280,266,,281,,423,
,sp281,50,20,38,29,51,19,68,46,33,14,88,24,11,59,44,18,14,10,7,61,17,23,42,58,22,58,32,30,25,18,34,34,17,15,49,26,31,18,80,16,16,17,21,104,58,77,11,11,255,72,71,36,26,61,63,43,63,56,65,36,120,50,18,10,22,19,44,72,60,11,28,39,35,14,31,34,20,5,21,35,29,40,26,2,7,36,23,8,22,20,30,,,,sp281,268,,278,,425,
,sp282,50,19,38,29,51,18,68,46,33,14,87,24,11,58,44,17,14,10,7,60,17,23,42,57,22,57,32,30,25,18,34,34,16,15,49,26,31,18,80,16,16,16,21,103,58,77,11,11,254,71,70,36,26,60,62,43,62,56,65,36,119,49,18,10,22,19,44,71,59,11,27,38,35,14,31,34,20,5,21,35,28,39,26,2,7,36,23,8,21,19,30,,,,sp282,270,,275,,426,
,sp283,49,19,38,29,50,18,68,45,33,14,87,24,11,58,43,17,14,10,7,60,16,23,42,57,22,57,32,30,25,18,34,34,16,15,48,25,31,18,79,15,15,16,21,103,57,76,11,11,252,71,70,35,25,60,62,43,62,55,65,35,118,49,18,10,22,19,44,71,59,11,27,38,35,14,31,34,20,5,21,35,28,39,25,2,7,35,23,8,21,19,30,,,,sp283,272,,272,,428,
,sp284,49,19,37,29,50,18,67,45,33,13,86,24,11,58,43,17,13,10,7,60,16,23,41,57,22,57,32,30,24,18,33,33,16,14,48,25,31,18,79,15,15,16,21,102,57,76,11,11,251,71,70,35,25,60,62,43,62,55,64,35,118,49,18,10,22,19,43,71,59,11,27,38,34,14,31,33,20,5,21,34,28,39,25,2,7,35,23,8,21,19,30,,,,sp284,274,,269,,430,
,sp285,49,19,37,29,50,18,67,45,32,13,86,24,11,57,43,17,13,10,7,59,16,23,41,56,22,56,32,30,24,18,33,33,16,14,48,25,31,18,78,15,15,16,21,102,57,76,11,11,249,70,69,35,25,59,61,42,61,55,64,35,117,49,18,10,22,19,43,70,58,11,27,38,34,13,31,33,20,4,21,34,28,39,25,2,7,35,22,8,21,19,30,,,,sp285,276,,266,,431,
,sp286,48,19,37,28,49,18,66,45,32,13,85,24,10,57,43,17,13,9,7,59,16,23,41,56,22,56,31,29,24,18,33,33,16,14,47,25,30,18,78,15,15,16,21,101,56,75,11,11,248,70,69,35,25,59,61,42,61,55,63,35,116,48,18,10,21,19,43,70,58,11,27,38,34,13,30,33,20,4,21,34,28,38,25,2,7,35,22,8,21,19,30,,,,sp286,277,,262,,433,
,sp287,48,19,37,28,49,18,66,44,32,13,85,24,10,57,42,17,13,9,7,59,16,23,41,56,22,56,31,29,24,18,33,33,16,14,47,25,30,18,77,15,15,16,20,100,56,75,11,11,246,69,68,35,25,59,60,42,60,54,63,35,116,48,18,10,21,19,43,69,58,11,27,37,34,13,30,33,20,4,20,34,28,38,25,2,7,35,22,8,21,19,29,,,,sp287,278,,258,,434,
,sp288,48,19,37,28,49,18,66,44,32,13,85,23,10,56,42,17,13,9,7,58,16,23,40,55,22,55,31,29,24,18,33,33,16,14,47,25,30,18,77,15,15,16,20,100,56,74,11,11,245,69,68,35,25,58,60,42,60,54,63,35,115,48,18,10,21,19,42,69,58,11,27,37,34,13,30,33,19,4,20,34,27,38,25,2,7,35,22,8,21,19,29,,,,sp288,279,,255,,436,
,,,,,,,,,,,,,,,,,,,,,,,,,,,,,,,,,,,,,,,,,,,,,,,,,,,,,,,,,,,,,,,,,,,,,,,,,,,,,,,,,,,,,,,,,,,,,,,,,,,,,,
